순번,충전구분,충전소명,주소,충전기 최대 용량,충전량(kWh),충전시간,날짜,충전시작시간,충전종료시간
12,급속,어린이대공원 후문주차장,광진구 능동로 216,50,6.75,29분,2022-01-19,13:40,14:08
24,급속,어린이대공원 후문주차장,광진구 능동로 216,50,20.2,41분,2022-01-19,12:56,13:36
131,급속,어린이대공원 후문주차장,광진구 능동로 216,50,13.4,41분,2022-01-18,19:45,20:25
137,급속,어린이대공원 후문주차장,광진구 능동로 216,50,0,1분,2022-01-18,19:18,19:18
139,급속,어린이대공원 후문주차장,광진구 능동로 216,50,8.88,16분,2022-01-18,19:01,19:17
148,급속,어린이대공원 후문주차장,광진구 능동로 216,50,18.12,41분,2022-01-18,18:21,19:01
149,급속,어린이대공원 후문주차장,광진구 능동로 216,50,0,1분,2022-01-18,18:20,18:20
187,급속,어린이대공원 후문주차장,광진구 능동로 216,50,12.39,41분,2022-01-18,15:26,16:06
209,급속,어린이대공원 후문주차장,광진구 능동로 216,50,24.3,41분,2022-01-18,13:52,14:33
245,급속,어린이대공원 후문주차장,광진구 능동로 216,50,11.93,30분,2022-01-18,10:12,10:42
251,급속,어린이대공원 후문주차장,광진구 능동로 216,50,16.17,41분,2022-01-18,9:31,10:11
262,급속,어린이대공원 후문주차장,광진구 능동로 216,50,9.37,41분,2022-01-18,4:19,4:59
315,급속,어린이대공원 후문주차장,광진구 능동로 216,50,15.07,41분,2022-01-17,17:11,17:51
326,급속,어린이대공원 후문주차장,광진구 능동로 216,50,23.53,41분,2022-01-17,16:20,17:00
363,급속,어린이대공원 후문주차장,광진구 능동로 216,50,30.06,41분,2022-01-17,12:22,13:02
391,급속,어린이대공원 후문주차장,광진구 능동로 216,50,19.64,41분,2022-01-17,9:28,10:08
397,급속,어린이대공원 후문주차장,광진구 능동로 216,50,13.43,41분,2022-01-17,8:32,9:12
402,급속,어린이대공원 후문주차장,광진구 능동로 216,50,17.32,41분,2022-01-17,7:45,8:25
426,급속,어린이대공원 후문주차장,광진구 능동로 216,50,7.87,11분,2022-01-16,20:02,20:13
432,급속,어린이대공원 후문주차장,광진구 능동로 216,50,28.6,41분,2022-01-16,19:22,20:02
436,급속,어린이대공원 후문주차장,광진구 능동로 216,50,20.97,35분,2022-01-16,18:09,18:43
444,급속,어린이대공원 후문주차장,광진구 능동로 216,50,29.18,41분,2022-01-16,17:19,17:59
449,급속,어린이대공원 후문주차장,광진구 능동로 216,50,0.01,1분,2022-01-16,16:27,16:27
452,급속,어린이대공원 후문주차장,광진구 능동로 216,50,0.71,15분,2022-01-16,16:11,16:26
458,급속,어린이대공원 후문주차장,광진구 능동로 216,50,4.77,41분,2022-01-16,15:29,16:09
465,급속,어린이대공원 후문주차장,광진구 능동로 216,50,12,41분,2022-01-16,14:45,15:25
473,급속,어린이대공원 후문주차장,광진구 능동로 216,50,28.39,41분,2022-01-16,14:01,14:41
475,급속,어린이대공원 후문주차장,광진구 능동로 216,50,14.74,21분,2022-01-16,13:25,13:45
479,급속,어린이대공원 후문주차장,광진구 능동로 216,50,20.03,32분,2022-01-16,12:37,13:08
495,급속,어린이대공원 후문주차장,광진구 능동로 216,50,11.9,41분,2022-01-16,6:56,7:36
497,급속,어린이대공원 후문주차장,광진구 능동로 216,50,16.62,41분,2022-01-16,6:16,6:56
525,급속,어린이대공원 후문주차장,광진구 능동로 216,50,20.6,41분,2022-01-15,19:13,19:53
527,급속,어린이대공원 후문주차장,광진구 능동로 216,50,11.9,18분,2022-01-15,18:52,19:09
533,급속,어린이대공원 후문주차장,광진구 능동로 216,50,2.14,31분,2022-01-15,17:34,18:04
539,급속,어린이대공원 후문주차장,광진구 능동로 216,50,5.96,41분,2022-01-15,16:50,17:30
548,급속,어린이대공원 후문주차장,광진구 능동로 216,50,13.12,41분,2022-01-15,16:02,16:42
568,급속,어린이대공원 후문주차장,광진구 능동로 216,50,13.28,41분,2022-01-15,13:29,14:09
585,급속,어린이대공원 후문주차장,광진구 능동로 216,50,29.68,41분,2022-01-15,11:51,12:31
592,급속,어린이대공원 후문주차장,광진구 능동로 216,50,17.07,41분,2022-01-15,10:36,11:16
593,급속,어린이대공원 후문주차장,광진구 능동로 216,50,0,1분,2022-01-15,10:34,10:34
626,급속,어린이대공원 후문주차장,광진구 능동로 216,50,8.67,33분,2022-01-15,0:24,0:57
629,급속,어린이대공원 후문주차장,광진구 능동로 216,50,26.17,41분,2022-01-14,23:43,0:23
642,급속,어린이대공원 후문주차장,광진구 능동로 216,50,12.51,26분,2022-01-14,20:49,21:14
643,급속,어린이대공원 후문주차장,광진구 능동로 216,50,0,1분,2022-01-14,20:48,20:49
644,급속,어린이대공원 후문주차장,광진구 능동로 216,50,0,1분,2022-01-14,20:46,20:47
658,급속,어린이대공원 후문주차장,광진구 능동로 216,50,6.28,41분,2022-01-14,19:16,19:56
665,급속,어린이대공원 후문주차장,광진구 능동로 216,50,14.92,41분,2022-01-14,18:35,19:15
686,급속,어린이대공원 후문주차장,광진구 능동로 216,50,17.03,27분,2022-01-14,15:47,16:14
694,급속,어린이대공원 후문주차장,광진구 능동로 216,50,24.09,41분,2022-01-14,15:06,15:46
711,급속,어린이대공원 후문주차장,광진구 능동로 216,50,11.53,41분,2022-01-14,13:40,14:20
766,급속,어린이대공원 후문주차장,광진구 능동로 216,50,11.69,16분,2022-01-14,9:13,9:29
794,급속,어린이대공원 후문주차장,광진구 능동로 216,50,17.05,24분,2022-01-13,21:46,22:09
799,급속,어린이대공원 후문주차장,광진구 능동로 216,50,29.56,41분,2022-01-13,21:01,21:41
800,급속,어린이대공원 후문주차장,광진구 능동로 216,50,0,2분,2022-01-13,20:58,21:00
811,급속,어린이대공원 후문주차장,광진구 능동로 216,50,15.2,41분,2022-01-13,20:13,20:53
817,급속,어린이대공원 후문주차장,광진구 능동로 216,50,17.04,24분,2022-01-13,19:41,20:04
819,급속,어린이대공원 후문주차장,광진구 능동로 216,50,0,1분,2022-01-13,19:39,19:39
822,급속,어린이대공원 후문주차장,광진구 능동로 216,50,0,1분,2022-01-13,19:37,19:38
830,급속,어린이대공원 후문주차장,광진구 능동로 216,50,29.32,41분,2022-01-13,18:50,19:30
839,급속,어린이대공원 후문주차장,광진구 능동로 216,50,0,2분,2022-01-13,18:08,18:09
859,급속,어린이대공원 후문주차장,광진구 능동로 216,50,17.03,26분,2022-01-13,16:44,17:10
884,급속,어린이대공원 후문주차장,광진구 능동로 216,50,4.58,32분,2022-01-13,15:21,15:52
890,급속,어린이대공원 후문주차장,광진구 능동로 216,50,12.19,41분,2022-01-13,14:39,15:19
899,급속,어린이대공원 후문주차장,광진구 능동로 216,50,14.16,41분,2022-01-13,13:57,14:37
911,급속,어린이대공원 후문주차장,광진구 능동로 216,50,25.06,41분,2022-01-13,13:10,13:50
928,급속,어린이대공원 후문주차장,광진구 능동로 216,50,23.89,41분,2022-01-13,12:11,12:51
956,급속,어린이대공원 후문주차장,광진구 능동로 216,50,30.02,41분,2022-01-13,9:57,10:37
963,급속,어린이대공원 후문주차장,광진구 능동로 216,50,4.99,38분,2022-01-13,9:13,9:51
971,급속,어린이대공원 후문주차장,광진구 능동로 216,50,13.29,41분,2022-01-13,8:31,9:11
978,급속,어린이대공원 후문주차장,광진구 능동로 216,50,18.65,41분,2022-01-13,7:45,8:25
1015,급속,어린이대공원 후문주차장,광진구 능동로 216,50,5.01,38분,2022-01-12,20:38,21:16
1022,급속,어린이대공원 후문주차장,광진구 능동로 216,50,10.03,41분,2022-01-12,19:57,20:37
1029,급속,어린이대공원 후문주차장,광진구 능동로 216,50,13.79,36분,2022-01-12,18:29,19:05
1066,급속,어린이대공원 후문주차장,광진구 능동로 216,50,8.79,35분,2022-01-12,15:48,16:23
1075,급속,어린이대공원 후문주차장,광진구 능동로 216,50,18.41,41분,2022-01-12,15:07,15:47
1089,급속,어린이대공원 후문주차장,광진구 능동로 216,50,7.05,41분,2022-01-12,14:08,14:48
1105,급속,어린이대공원 후문주차장,광진구 능동로 216,50,5.65,18분,2022-01-12,12:43,13:01
1118,급속,어린이대공원 후문주차장,광진구 능동로 216,50,11.79,36분,2022-01-12,12:05,12:40
1146,급속,어린이대공원 후문주차장,광진구 능동로 216,50,5.89,41분,2022-01-12,9:07,9:47
1149,급속,어린이대공원 후문주차장,광진구 능동로 216,50,12.13,41분,2022-01-12,8:03,8:43
1150,급속,어린이대공원 후문주차장,광진구 능동로 216,50,15.81,41분,2022-01-12,7:17,7:57
1171,급속,어린이대공원 후문주차장,광진구 능동로 216,50,26.12,41분,2022-01-11,23:09,23:49
1176,급속,어린이대공원 후문주차장,광진구 능동로 216,50,7.61,11분,2022-01-11,22:09,22:20
1181,급속,어린이대공원 후문주차장,광진구 능동로 216,50,4.5,41분,2022-01-11,21:21,22:01
1190,급속,어린이대공원 후문주차장,광진구 능동로 216,50,7.21,41분,2022-01-11,20:34,21:14
1194,급속,어린이대공원 후문주차장,광진구 능동로 216,50,15.37,41분,2022-01-11,19:53,20:33
1202,급속,어린이대공원 후문주차장,광진구 능동로 216,50,13.4,21분,2022-01-11,19:25,19:46
1207,급속,어린이대공원 후문주차장,광진구 능동로 216,50,10.78,41분,2022-01-11,18:43,19:23
1213,급속,어린이대공원 후문주차장,광진구 능동로 216,50,9.3,24분,2022-01-11,18:17,18:41
1228,급속,어린이대공원 후문주차장,광진구 능동로 216,50,13.66,41분,2022-01-11,17:01,17:42
1262,급속,어린이대공원 후문주차장,광진구 능동로 216,50,7.54,41분,2022-01-11,14:14,14:54
1271,급속,어린이대공원 후문주차장,광진구 능동로 216,50,25.41,41분,2022-01-11,13:33,14:13
1298,급속,어린이대공원 후문주차장,광진구 능동로 216,50,26.98,41분,2022-01-11,11:47,12:27
1309,급속,어린이대공원 후문주차장,광진구 능동로 216,50,5.31,41분,2022-01-11,10:12,10:52
1317,급속,어린이대공원 후문주차장,광진구 능동로 216,50,14.08,41분,2022-01-11,9:28,10:09
1324,급속,어린이대공원 후문주차장,광진구 능동로 216,50,18.72,41분,2022-01-11,8:46,9:26
1365,급속,어린이대공원 후문주차장,광진구 능동로 216,50,4.28,24분,2022-01-10,19:08,19:31
1373,급속,어린이대공원 후문주차장,광진구 능동로 216,50,18.79,41분,2022-01-10,18:27,19:07
1378,급속,어린이대공원 후문주차장,광진구 능동로 216,50,24.99,41분,2022-01-10,17:43,18:24
1383,급속,어린이대공원 후문주차장,광진구 능동로 216,50,11.21,41분,2022-01-10,16:56,17:36
1417,급속,어린이대공원 후문주차장,광진구 능동로 216,50,8.96,26분,2022-01-10,13:24,13:50
1426,급속,어린이대공원 후문주차장,광진구 능동로 216,50,15.16,41분,2022-01-10,12:42,13:22
1444,급속,어린이대공원 후문주차장,광진구 능동로 216,50,9.71,33분,2022-01-10,11:16,11:49
1468,급속,어린이대공원 후문주차장,광진구 능동로 216,50,10.63,41분,2022-01-10,7:58,8:39
1473,급속,어린이대공원 후문주차장,광진구 능동로 216,50,18.3,41분,2022-01-10,7:18,7:58
1511,급속,어린이대공원 후문주차장,광진구 능동로 216,50,17.04,32분,2022-01-09,18:27,18:58
1516,급속,어린이대공원 후문주차장,광진구 능동로 216,50,18.99,41분,2022-01-09,17:09,17:49
1534,급속,어린이대공원 후문주차장,광진구 능동로 216,50,19.31,37분,2022-01-09,14:36,15:13
1561,급속,어린이대공원 후문주차장,광진구 능동로 216,50,29.46,41분,2022-01-09,10:28,11:08
1572,급속,어린이대공원 후문주차장,광진구 능동로 216,50,10.48,41분,2022-01-09,8:08,8:48
1576,급속,어린이대공원 후문주차장,광진구 능동로 216,50,17.75,41분,2022-01-09,7:06,7:46
1616,급속,어린이대공원 후문주차장,광진구 능동로 216,50,7.93,35분,2022-01-08,15:36,16:10
1624,급속,어린이대공원 후문주차장,광진구 능동로 216,50,16.07,41분,2022-01-08,14:52,15:32
1651,급속,어린이대공원 후문주차장,광진구 능동로 216,50,7.57,35분,2022-01-08,11:18,11:52
1665,급속,어린이대공원 후문주차장,광진구 능동로 216,50,24.14,41분,2022-01-08,8:46,9:26
1673,급속,어린이대공원 후문주차장,광진구 능동로 216,50,9.5,41분,2022-01-08,7:32,8:12
1675,급속,어린이대공원 후문주차장,광진구 능동로 216,50,16.81,41분,2022-01-08,6:51,7:31
1689,급속,어린이대공원 후문주차장,광진구 능동로 216,50,14.36,41분,2022-01-08,0:00,0:40
1690,급속,어린이대공원 후문주차장,광진구 능동로 216,50,0,1분,2022-01-08,0:00,0:00
1692,급속,어린이대공원 후문주차장,광진구 능동로 216,50,24.39,41분,2022-01-07,23:19,23:59
1711,급속,어린이대공원 후문주차장,광진구 능동로 216,50,28.92,41분,2022-01-07,19:55,20:35
1719,급속,어린이대공원 후문주차장,광진구 능동로 216,50,10.37,41분,2022-01-07,19:12,19:52
1723,급속,어린이대공원 후문주차장,광진구 능동로 216,50,24.94,41분,2022-01-07,18:31,19:11
1746,급속,어린이대공원 후문주차장,광진구 능동로 216,50,20.23,41분,2022-01-07,16:28,17:08
1760,급속,어린이대공원 후문주차장,광진구 능동로 216,50,5.5,16분,2022-01-07,14:28,14:43
1774,급속,어린이대공원 후문주차장,광진구 능동로 216,50,9.14,41분,2022-01-07,12:43,13:23
1844,급속,어린이대공원 후문주차장,광진구 능동로 216,50,20.86,41분,2022-01-07,7:03,7:44
1845,급속,어린이대공원 후문주차장,광진구 능동로 216,50,0,2분,2022-01-07,7:00,7:01
1866,급속,어린이대공원 후문주차장,광진구 능동로 216,50,8.05,14분,2022-01-06,21:44,21:57
1870,급속,어린이대공원 후문주차장,광진구 능동로 216,50,24.95,41분,2022-01-06,21:03,21:43
1888,급속,어린이대공원 후문주차장,광진구 능동로 216,50,6.31,41분,2022-01-06,19:26,20:07
1894,급속,어린이대공원 후문주차장,광진구 능동로 216,50,13.16,41분,2022-01-06,18:46,19:26
1919,급속,어린이대공원 후문주차장,광진구 능동로 216,50,17.7,41분,2022-01-06,16:53,17:33
1922,급속,어린이대공원 후문주차장,광진구 능동로 216,50,0,1분,2022-01-06,16:43,16:44
1936,급속,어린이대공원 후문주차장,광진구 능동로 216,50,10.24,28분,2022-01-06,15:39,16:07
1960,급속,어린이대공원 후문주차장,광진구 능동로 216,50,7.12,20분,2022-01-06,14:03,14:23
1966,급속,어린이대공원 후문주차장,광진구 능동로 216,50,23.33,41분,2022-01-06,13:23,14:03
2004,급속,어린이대공원 후문주차장,광진구 능동로 216,50,17.03,36분,2022-01-06,9:37,10:12
2031,급속,어린이대공원 후문주차장,광진구 능동로 216,50,14.91,41분,2022-01-05,23:10,23:50
2033,급속,어린이대공원 후문주차장,광진구 능동로 216,50,19.23,41분,2022-01-05,22:28,23:08
2045,급속,어린이대공원 후문주차장,광진구 능동로 216,50,4.68,41분,2022-01-05,20:45,21:25
2050,급속,어린이대공원 후문주차장,광진구 능동로 216,50,8.37,41분,2022-01-05,20:04,20:44
2055,급속,어린이대공원 후문주차장,광진구 능동로 216,50,16,41분,2022-01-05,19:14,19:55
2058,급속,어린이대공원 후문주차장,광진구 능동로 216,50,13.82,32분,2022-01-05,18:23,18:55
2081,급속,어린이대공원 후문주차장,광진구 능동로 216,50,17.07,24분,2022-01-05,16:28,16:51
2109,급속,어린이대공원 후문주차장,광진구 능동로 216,50,26.31,41분,2022-01-05,14:13,14:54
2114,급속,어린이대공원 후문주차장,광진구 능동로 216,50,6.78,18분,2022-01-05,13:54,14:11
2128,급속,어린이대공원 후문주차장,광진구 능동로 216,50,19.36,41분,2022-01-05,12:58,13:38
2141,급속,어린이대공원 후문주차장,광진구 능동로 216,50,21.01,39분,2022-01-05,11:48,12:27
2160,급속,어린이대공원 후문주차장,광진구 능동로 216,50,5.1,34분,2022-01-05,9:50,10:23
2172,급속,어린이대공원 후문주차장,광진구 능동로 216,50,17.69,41분,2022-01-05,8:12,8:52
2177,급속,어린이대공원 후문주차장,광진구 능동로 216,50,23.06,38분,2022-01-05,7:34,8:11
2188,급속,어린이대공원 후문주차장,광진구 능동로 216,50,4.62,32분,2022-01-05,3:58,4:30
2189,급속,어린이대공원 후문주차장,광진구 능동로 216,50,10.96,41분,2022-01-05,3:17,3:58
2218,급속,어린이대공원 후문주차장,광진구 능동로 216,50,0,1분,2022-01-04,19:29,19:30
2223,급속,어린이대공원 후문주차장,광진구 능동로 216,50,8.06,33분,2022-01-04,18:52,19:25
2229,급속,어린이대공원 후문주차장,광진구 능동로 216,50,21.03,41분,2022-01-04,18:12,18:52
2234,급속,어린이대공원 후문주차장,광진구 능동로 216,50,24.74,41분,2022-01-04,17:30,18:10
2242,급속,어린이대공원 후문주차장,광진구 능동로 216,50,15.67,41분,2022-01-04,16:23,17:04
2257,급속,어린이대공원 후문주차장,광진구 능동로 216,50,23.77,41분,2022-01-04,14:54,15:34
2259,급속,어린이대공원 후문주차장,광진구 능동로 216,50,18.16,41분,2022-01-04,14:12,14:52
2272,급속,어린이대공원 후문주차장,광진구 능동로 216,50,17.07,26분,2022-01-04,13:30,13:55
2278,급속,어린이대공원 후문주차장,광진구 능동로 216,50,23.04,35분,2022-01-04,12:54,13:28
2301,급속,어린이대공원 후문주차장,광진구 능동로 216,50,10.1,41분,2022-01-04,9:34,10:14
2307,급속,어린이대공원 후문주차장,광진구 능동로 216,50,9.81,27분,2022-01-04,7:54,8:20
2375,급속,어린이대공원 후문주차장,광진구 능동로 216,50,15.88,41분,2022-01-03,18:51,19:31
2381,급속,어린이대공원 후문주차장,광진구 능동로 216,50,20.05,32분,2022-01-03,18:16,18:48
2392,급속,어린이대공원 후문주차장,광진구 능동로 216,50,20.03,34분,2022-01-03,17:25,17:58
2406,급속,어린이대공원 후문주차장,광진구 능동로 216,50,6.05,29분,2022-01-03,15:21,15:49
2415,급속,어린이대공원 후문주차장,광진구 능동로 216,50,19.38,39분,2022-01-03,14:42,15:21
2423,급속,어린이대공원 후문주차장,광진구 능동로 216,50,7.58,20분,2022-01-03,13:22,13:41
2429,급속,어린이대공원 후문주차장,광진구 능동로 216,50,23.05,37분,2022-01-03,12:45,13:21
2500,급속,어린이대공원 후문주차장,광진구 능동로 216,50,0,2분,2022-01-03,0:04,0:06
2513,급속,어린이대공원 후문주차장,광진구 능동로 216,50,17.04,27분,2022-01-02,22:07,22:33
2534,급속,어린이대공원 후문주차장,광진구 능동로 216,50,17.05,26분,2022-01-02,17:44,18:09
2538,급속,어린이대공원 후문주차장,광진구 능동로 216,50,4.35,27분,2022-01-02,17:14,17:41
2545,급속,어린이대공원 후문주차장,광진구 능동로 216,50,16.87,41분,2022-01-02,16:07,16:47
2552,급속,어린이대공원 후문주차장,광진구 능동로 216,50,26.13,41분,2022-01-02,14:43,15:23
2557,급속,어린이대공원 후문주차장,광진구 능동로 216,50,7.71,41분,2022-01-02,13:51,14:31
2559,급속,어린이대공원 후문주차장,광진구 능동로 216,50,0,1분,2022-01-02,13:50,13:50
2564,급속,어린이대공원 후문주차장,광진구 능동로 216,50,9.85,38분,2022-01-02,12:47,13:24
2568,급속,어린이대공원 후문주차장,광진구 능동로 216,50,13.46,41분,2022-01-02,12:06,12:46
2588,급속,어린이대공원 후문주차장,광진구 능동로 216,50,29.37,41분,2022-01-02,9:05,9:45
2599,급속,어린이대공원 후문주차장,광진구 능동로 216,50,6.82,41분,2022-01-02,0:43,1:23
2610,급속,어린이대공원 후문주차장,광진구 능동로 216,50,19.93,36분,2022-01-01,21:43,22:18
2612,급속,어린이대공원 후문주차장,광진구 능동로 216,50,29.27,41분,2022-01-01,21:02,21:42
2636,급속,어린이대공원 후문주차장,광진구 능동로 216,50,27.04,41분,2022-01-01,15:28,16:09
2647,급속,어린이대공원 후문주차장,광진구 능동로 216,50,15.41,41분,2022-01-01,14:29,15:09
2674,급속,어린이대공원 후문주차장,광진구 능동로 216,50,0.59,4분,2022-01-01,11:17,11:20
2685,급속,어린이대공원 후문주차장,광진구 능동로 216,50,14.23,41분,2022-01-01,10:31,11:11
2693,급속,어린이대공원 후문주차장,광진구 능동로 216,50,16.5,41분,2022-01-01,9:50,10:30
2705,급속,어린이대공원 후문주차장,광진구 능동로 216,50,6.16,26분,2022-01-01,8:37,9:02
2742,급속,어린이대공원 후문주차장,광진구 능동로 216,50,11.2,28분,2021-12-31,21:35,22:03
2767,급속,어린이대공원 후문주차장,광진구 능동로 216,50,18.77,41분,2021-12-31,18:46,19:26
2780,급속,어린이대공원 후문주차장,광진구 능동로 216,50,12.35,41분,2021-12-31,17:41,18:21
2787,급속,어린이대공원 후문주차장,광진구 능동로 216,50,23.04,37분,2021-12-31,17:01,17:38
2806,급속,어린이대공원 후문주차장,광진구 능동로 216,50,13.77,41분,2021-12-31,15:08,15:48
2808,급속,어린이대공원 후문주차장,광진구 능동로 216,50,4.62,8분,2021-12-31,14:38,14:45
2821,급속,어린이대공원 후문주차장,광진구 능동로 216,50,25.1,41분,2021-12-31,13:47,14:28
2835,급속,어린이대공원 후문주차장,광진구 능동로 216,50,25.1,41분,2021-12-31,12:28,13:08
2856,급속,어린이대공원 후문주차장,광진구 능동로 216,50,16.76,35분,2021-12-31,10:17,10:52
2862,급속,어린이대공원 후문주차장,광진구 능동로 216,50,27.4,41분,2021-12-31,9:36,10:16
2887,급속,어린이대공원 후문주차장,광진구 능동로 216,50,7.93,35분,2021-12-31,4:31,5:05
2898,급속,어린이대공원 후문주차장,광진구 능동로 216,50,7.19,11분,2021-12-31,1:53,2:03
2963,급속,어린이대공원 후문주차장,광진구 능동로 216,50,14.97,38분,2021-12-30,16:41,17:18
2969,급속,어린이대공원 후문주차장,광진구 능동로 216,50,0,2분,2021-12-30,16:30,16:32
2978,급속,어린이대공원 후문주차장,광진구 능동로 216,50,11.88,41분,2021-12-30,15:34,16:14
2987,급속,어린이대공원 후문주차장,광진구 능동로 216,50,17.11,41분,2021-12-30,14:33,15:13
2989,급속,어린이대공원 후문주차장,광진구 능동로 216,50,0,1분,2021-12-30,14:32,14:32
2990,급속,어린이대공원 후문주차장,광진구 능동로 216,50,0,1분,2021-12-30,14:30,14:31
2991,급속,어린이대공원 후문주차장,광진구 능동로 216,50,0,2분,2021-12-30,14:28,14:30
2993,급속,어린이대공원 후문주차장,광진구 능동로 216,50,0.39,2분,2021-12-30,14:25,14:27
3000,급속,어린이대공원 후문주차장,광진구 능동로 216,50,23.17,41분,2021-12-30,13:44,14:24
3014,급속,어린이대공원 후문주차장,광진구 능동로 216,50,17.36,41분,2021-12-30,12:16,12:56
3033,급속,어린이대공원 후문주차장,광진구 능동로 216,50,13.99,41분,2021-12-30,9:56,10:37
3088,급속,어린이대공원 후문주차장,광진구 능동로 216,50,6.92,41분,2021-12-29,20:12,20:52
3094,급속,어린이대공원 후문주차장,광진구 능동로 216,50,15.18,41분,2021-12-29,19:30,20:11
3119,급속,어린이대공원 후문주차장,광진구 능동로 216,50,7.95,16분,2021-12-29,17:22,17:37
3120,급속,어린이대공원 후문주차장,광진구 능동로 216,50,0,1분,2021-12-29,17:20,17:21
3134,급속,어린이대공원 후문주차장,광진구 능동로 216,50,13.82,41분,2021-12-29,16:05,16:45
3146,급속,어린이대공원 후문주차장,광진구 능동로 216,50,8.36,39분,2021-12-29,15:19,15:58
3153,급속,어린이대공원 후문주차장,광진구 능동로 216,50,19.76,35분,2021-12-29,14:44,15:19
3164,급속,어린이대공원 후문주차장,광진구 능동로 216,50,23.06,34분,2021-12-29,13:55,14:28
3189,급속,어린이대공원 후문주차장,광진구 능동로 216,50,9.41,25분,2021-12-29,11:08,11:33
3195,급속,어린이대공원 후문주차장,광진구 능동로 216,50,29.72,41분,2021-12-29,10:27,11:07
3242,급속,어린이대공원 후문주차장,광진구 능동로 216,50,22.4,41분,2021-12-28,23:11,23:52
3251,급속,어린이대공원 후문주차장,광진구 능동로 216,50,24.36,41분,2021-12-28,22:00,22:40
3252,급속,어린이대공원 후문주차장,광진구 능동로 216,50,0,1분,2021-12-28,21:57,21:58
3270,급속,어린이대공원 후문주차장,광진구 능동로 216,50,11.41,18분,2021-12-28,19:27,19:45
3275,급속,어린이대공원 후문주차장,광진구 능동로 216,50,24.48,41분,2021-12-28,18:47,19:27
3281,급속,어린이대공원 후문주차장,광진구 능동로 216,50,4.97,15분,2021-12-28,18:30,18:44
3292,급속,어린이대공원 후문주차장,광진구 능동로 216,50,15.36,41분,2021-12-28,17:49,18:29
3323,급속,어린이대공원 후문주차장,광진구 능동로 216,50,11.31,41분,2021-12-28,16:08,16:48
3340,급속,어린이대공원 후문주차장,광진구 능동로 216,50,24.85,41분,2021-12-28,15:03,15:43
3349,급속,어린이대공원 후문주차장,광진구 능동로 216,50,20.41,41분,2021-12-28,14:20,15:00
3357,급속,어린이대공원 후문주차장,광진구 능동로 216,50,7.28,41분,2021-12-28,13:37,14:17
3360,급속,어린이대공원 후문주차장,광진구 능동로 216,50,5.07,14분,2021-12-28,13:10,13:23
3363,급속,어린이대공원 후문주차장,광진구 능동로 216,50,18.6,33분,2021-12-28,12:33,13:05
3378,급속,어린이대공원 후문주차장,광진구 능동로 216,50,29.54,41분,2021-12-28,11:50,12:30
3388,급속,어린이대공원 후문주차장,광진구 능동로 216,50,4.49,13분,2021-12-28,11:02,11:15
3450,급속,어린이대공원 후문주차장,광진구 능동로 216,50,17.05,26분,2021-12-27,23:28,23:54
3451,급속,어린이대공원 후문주차장,광진구 능동로 216,50,17.04,26분,2021-12-27,23:01,23:27
3453,급속,어린이대공원 후문주차장,광진구 능동로 216,50,17.05,26분,2021-12-27,22:17,22:43
3456,급속,어린이대공원 후문주차장,광진구 능동로 216,50,10.68,24분,2021-12-27,21:51,22:15
3461,급속,어린이대공원 후문주차장,광진구 능동로 216,50,28.93,41분,2021-12-27,21:08,21:48
3466,급속,어린이대공원 후문주차장,광진구 능동로 216,50,6.34,41분,2021-12-27,20:23,21:03
3524,급속,어린이대공원 후문주차장,광진구 능동로 216,50,8.92,39분,2021-12-27,16:24,17:02
3533,급속,어린이대공원 후문주차장,광진구 능동로 216,50,23.15,41분,2021-12-27,15:43,16:23
3562,급속,어린이대공원 후문주차장,광진구 능동로 216,50,16.44,37분,2021-12-27,13:06,13:43
3587,급속,어린이대공원 후문주차장,광진구 능동로 216,50,6.9,41분,2021-12-27,10:58,11:38
3600,급속,어린이대공원 후문주차장,광진구 능동로 216,50,15.18,41분,2021-12-27,10:11,10:51
3638,급속,어린이대공원 후문주차장,광진구 능동로 216,50,9.85,41분,2021-12-26,23:47,0:27
3641,급속,어린이대공원 후문주차장,광진구 능동로 216,50,24.27,41분,2021-12-26,23:06,23:46
3647,급속,어린이대공원 후문주차장,광진구 능동로 216,50,5.75,41분,2021-12-26,22:04,22:44
3667,급속,어린이대공원 후문주차장,광진구 능동로 216,50,20.62,30분,2021-12-26,18:12,18:42
3669,급속,어린이대공원 후문주차장,광진구 능동로 216,50,24.05,41분,2021-12-26,17:31,18:12
3672,급속,어린이대공원 후문주차장,광진구 능동로 216,50,17.05,24분,2021-12-26,16:58,17:21
3687,급속,어린이대공원 후문주차장,광진구 능동로 216,50,11.63,41분,2021-12-26,15:02,15:42
3696,급속,어린이대공원 후문주차장,광진구 능동로 216,50,14.75,41분,2021-12-26,14:03,14:43
3705,급속,어린이대공원 후문주차장,광진구 능동로 216,50,18.54,41분,2021-12-26,13:22,14:02
3707,급속,어린이대공원 후문주차장,광진구 능동로 216,50,0,1분,2021-12-26,13:11,13:12
3708,급속,어린이대공원 후문주차장,광진구 능동로 216,50,0,1분,2021-12-26,13:10,13:10
3716,급속,어린이대공원 후문주차장,광진구 능동로 216,50,20.48,41분,2021-12-26,12:24,13:04
3726,급속,어린이대공원 후문주차장,광진구 능동로 216,50,24.96,41분,2021-12-26,11:12,11:52
3738,급속,어린이대공원 후문주차장,광진구 능동로 216,50,29.79,41분,2021-12-26,8:28,9:08
3747,급속,어린이대공원 후문주차장,광진구 능동로 216,50,1.72,9분,2021-12-26,6:20,6:29
3758,급속,어린이대공원 후문주차장,광진구 능동로 216,50,17.04,27분,2021-12-26,2:11,2:37
3774,급속,어린이대공원 후문주차장,광진구 능동로 216,50,4.5,13분,2021-12-25,22:58,23:10
3785,급속,어린이대공원 후문주차장,광진구 능동로 216,50,13.1,41분,2021-12-25,22:16,22:56
3795,급속,어린이대공원 후문주차장,광진구 능동로 216,50,16.41,41분,2021-12-25,20:27,21:07
3806,급속,어린이대공원 후문주차장,광진구 능동로 216,50,4.46,13분,2021-12-25,18:18,18:30
3810,급속,어린이대공원 후문주차장,광진구 능동로 216,50,19.73,41분,2021-12-25,17:37,18:17
3815,급속,어린이대공원 후문주차장,광진구 능동로 216,50,7.78,12분,2021-12-25,17:04,17:15
3849,급속,어린이대공원 후문주차장,광진구 능동로 216,50,4.29,14분,2021-12-25,12:31,12:45
3856,급속,어린이대공원 후문주차장,광진구 능동로 216,50,16.3,41분,2021-12-25,11:48,12:28
3912,급속,어린이대공원 후문주차장,광진구 능동로 216,50,12.15,35분,2021-12-24,22:21,22:55
3916,급속,어린이대공원 후문주차장,광진구 능동로 216,50,0.43,2분,2021-12-24,21:48,21:49
3920,급속,어린이대공원 후문주차장,광진구 능동로 216,50,27.62,41분,2021-12-24,21:08,21:48
3929,급속,어린이대공원 후문주차장,광진구 능동로 216,50,17.17,24분,2021-12-24,20:04,20:27
3935,급속,어린이대공원 후문주차장,광진구 능동로 216,50,29.68,41분,2021-12-24,19:23,20:03
3942,급속,어린이대공원 후문주차장,광진구 능동로 216,50,24.91,40분,2021-12-24,18:34,19:14
3943,급속,어린이대공원 후문주차장,광진구 능동로 216,50,0,1분,2021-12-24,18:28,18:28
3944,급속,어린이대공원 후문주차장,광진구 능동로 216,50,0,2분,2021-12-24,18:20,18:21
3980,급속,어린이대공원 후문주차장,광진구 능동로 216,50,6.66,27분,2021-12-24,14:39,15:06
3995,급속,어린이대공원 후문주차장,광진구 능동로 216,50,27.01,41분,2021-12-24,13:32,14:12
4026,급속,어린이대공원 후문주차장,광진구 능동로 216,50,26.57,41분,2021-12-24,9:57,10:37
4084,급속,어린이대공원 후문주차장,광진구 능동로 216,50,20.04,31분,2021-12-23,20:22,20:52
4095,급속,어린이대공원 후문주차장,광진구 능동로 216,50,15.45,24분,2021-12-23,19:05,19:28
4107,급속,어린이대공원 후문주차장,광진구 능동로 216,50,3.67,12분,2021-12-23,17:47,17:59
4113,급속,어린이대공원 후문주차장,광진구 능동로 216,50,22.1,41분,2021-12-23,17:05,17:45
4116,급속,어린이대공원 후문주차장,광진구 능동로 216,50,26.9,41분,2021-12-23,16:24,17:04
4127,급속,어린이대공원 후문주차장,광진구 능동로 216,50,11.32,41분,2021-12-23,15:34,16:14
4138,급속,어린이대공원 후문주차장,광진구 능동로 216,50,7.94,41분,2021-12-23,14:45,15:25
4145,급속,어린이대공원 후문주차장,광진구 능동로 216,50,18.6,34분,2021-12-23,14:11,14:45
4173,급속,어린이대공원 후문주차장,광진구 능동로 216,50,14.86,41분,2021-12-23,11:37,12:17
4193,급속,어린이대공원 후문주차장,광진구 능동로 216,50,13.08,41분,2021-12-23,8:05,8:45
4217,급속,어린이대공원 후문주차장,광진구 능동로 216,50,9.68,41분,2021-12-23,0:36,1:16
4227,급속,어린이대공원 후문주차장,광진구 능동로 216,50,21.65,41분,2021-12-22,22:28,23:08
4235,급속,어린이대공원 후문주차장,광진구 능동로 216,50,3.69,17분,2021-12-22,21:41,21:58
4245,급속,어린이대공원 후문주차장,광진구 능동로 216,50,19.54,41분,2021-12-22,21:00,21:40
4256,급속,어린이대공원 후문주차장,광진구 능동로 216,50,7.94,41분,2021-12-22,19:57,20:37
4260,급속,어린이대공원 후문주차장,광진구 능동로 216,50,15.73,41분,2021-12-22,19:16,19:56
4274,급속,어린이대공원 후문주차장,광진구 능동로 216,50,0,1분,2021-12-22,17:38,17:39
4302,급속,어린이대공원 후문주차장,광진구 능동로 216,50,20.05,30분,2021-12-22,14:22,14:51
4308,급속,어린이대공원 후문주차장,광진구 능동로 216,50,8.26,24분,2021-12-22,13:51,14:15
4317,급속,어린이대공원 후문주차장,광진구 능동로 216,50,23.02,41분,2021-12-22,13:11,13:51
4328,급속,어린이대공원 후문주차장,광진구 능동로 216,50,18.63,41분,2021-12-22,11:49,12:29
4332,급속,어린이대공원 후문주차장,광진구 능동로 216,50,12.8,21분,2021-12-22,11:28,11:48
4340,급속,어린이대공원 후문주차장,광진구 능동로 216,50,12.82,41분,2021-12-22,10:45,11:25
4341,급속,어린이대공원 후문주차장,광진구 능동로 216,50,0,1분,2021-12-22,10:43,10:44
4366,급속,어린이대공원 후문주차장,광진구 능동로 216,50,27.42,41분,2021-12-22,1:50,2:30
4409,급속,어린이대공원 후문주차장,광진구 능동로 216,50,16.9,41분,2021-12-21,18:07,18:47
4416,급속,어린이대공원 후문주차장,광진구 능동로 216,50,8.24,41분,2021-12-21,17:25,18:05
4423,급속,어린이대공원 후문주차장,광진구 능동로 216,50,17.02,41분,2021-12-21,16:40,17:20
4456,급속,어린이대공원 후문주차장,광진구 능동로 216,50,9.35,29분,2021-12-21,13:35,14:04
4462,급속,어린이대공원 후문주차장,광진구 능동로 216,50,22.21,38분,2021-12-21,12:58,13:35
4476,급속,어린이대공원 후문주차장,광진구 능동로 216,50,9.7,41분,2021-12-21,11:59,12:39
4480,급속,어린이대공원 후문주차장,광진구 능동로 216,50,24.24,41분,2021-12-21,11:18,11:58
4487,급속,어린이대공원 후문주차장,광진구 능동로 216,50,29.45,41분,2021-12-21,9:56,10:36
4523,급속,어린이대공원 후문주차장,광진구 능동로 216,50,2.49,18분,2021-12-20,20:42,20:59
4529,급속,어린이대공원 후문주차장,광진구 능동로 216,50,8.84,41분,2021-12-20,20:01,20:41
4595,급속,어린이대공원 후문주차장,광진구 능동로 216,50,18.5,41분,2021-12-20,13:10,13:50
4633,급속,어린이대공원 후문주차장,광진구 능동로 216,50,16.39,41분,2021-12-20,10:02,10:42
4671,급속,어린이대공원 후문주차장,광진구 능동로 216,50,19.95,41분,2021-12-19,18:36,19:17
4685,급속,어린이대공원 후문주차장,광진구 능동로 216,50,0,2분,2021-12-19,16:17,16:19
4702,급속,어린이대공원 후문주차장,광진구 능동로 216,50,19.56,41분,2021-12-19,14:38,15:18
4706,급속,어린이대공원 후문주차장,광진구 능동로 216,50,7.19,32분,2021-12-19,14:03,14:34
4760,급속,어린이대공원 후문주차장,광진구 능동로 216,50,12.98,41분,2021-12-18,21:41,22:21
4767,급속,어린이대공원 후문주차장,광진구 능동로 216,50,27.44,41분,2021-12-18,21:00,21:41
4782,급속,어린이대공원 후문주차장,광진구 능동로 216,50,27.29,41분,2021-12-18,17:28,18:08
4789,급속,어린이대공원 후문주차장,광진구 능동로 216,50,25.86,41분,2021-12-18,16:43,17:23
4821,급속,어린이대공원 후문주차장,광진구 능동로 216,50,21.55,41분,2021-12-18,10:52,11:32
4836,급속,어린이대공원 후문주차장,광진구 능동로 216,50,29.88,41분,2021-12-18,8:49,9:29
4841,급속,어린이대공원 후문주차장,광진구 능동로 216,50,29.67,41분,2021-12-18,8:07,8:47
4861,급속,어린이대공원 후문주차장,광진구 능동로 216,50,23.05,36분,2021-12-18,3:04,3:40
4889,급속,어린이대공원 후문주차장,광진구 능동로 216,50,29.39,41분,2021-12-17,22:01,22:41
4913,급속,어린이대공원 후문주차장,광진구 능동로 216,50,17.04,26분,2021-12-17,20:03,20:29
4955,급속,어린이대공원 후문주차장,광진구 능동로 216,50,24.01,33분,2021-12-17,17:12,17:45
4975,급속,어린이대공원 후문주차장,광진구 능동로 216,50,17.73,25분,2021-12-17,15:01,15:26
4977,급속,어린이대공원 후문주차장,광진구 능동로 216,50,0,1분,2021-12-17,15:00,15:01
4989,급속,어린이대공원 후문주차장,광진구 능동로 216,50,26.74,41분,2021-12-17,14:19,14:59
5155,급속,어린이대공원 후문주차장,광진구 능동로 216,50,27.54,41분,2021-12-16,15:45,16:25
5168,급속,어린이대공원 후문주차장,광진구 능동로 216,50,20.57,41분,2021-12-16,14:37,15:17
5182,급속,어린이대공원 후문주차장,광진구 능동로 216,50,24.98,41분,2021-12-16,13:03,13:43
5250,급속,어린이대공원 후문주차장,광진구 능동로 216,50,6.83,28분,2021-12-16,6:41,7:08
5279,급속,어린이대공원 후문주차장,광진구 능동로 216,50,10.45,41분,2021-12-15,21:15,21:55
5286,급속,어린이대공원 후문주차장,광진구 능동로 216,50,23.11,39분,2021-12-15,20:37,21:15
5298,급속,어린이대공원 후문주차장,광진구 능동로 216,50,26.55,41분,2021-12-15,19:33,20:13
5317,급속,어린이대공원 후문주차장,광진구 능동로 216,50,1.99,15분,2021-12-15,17:22,17:36
5321,급속,어린이대공원 후문주차장,광진구 능동로 216,50,6.8,41분,2021-12-15,16:41,17:21
5331,급속,어린이대공원 후문주차장,광진구 능동로 216,50,1.85,7분,2021-12-15,16:06,16:12
5342,급속,어린이대공원 후문주차장,광진구 능동로 216,50,22.71,41분,2021-12-15,15:25,16:05
5357,급속,어린이대공원 후문주차장,광진구 능동로 216,50,19.88,41분,2021-12-15,13:11,13:51
5365,급속,어린이대공원 후문주차장,광진구 능동로 216,50,27.23,41분,2021-12-15,12:30,13:10
5419,급속,어린이대공원 후문주차장,광진구 능동로 216,50,25.05,37분,2021-12-15,6:38,7:15
5444,급속,어린이대공원 후문주차장,광진구 능동로 216,50,9.17,36분,2021-12-15,0:40,1:15
5447,급속,어린이대공원 후문주차장,광진구 능동로 216,50,26.44,41분,2021-12-14,23:59,0:39
5451,급속,어린이대공원 후문주차장,광진구 능동로 216,50,7.21,38분,2021-12-14,22:43,23:20
5456,급속,어린이대공원 후문주차장,광진구 능동로 216,50,22.29,41분,2021-12-14,22:02,22:42
5462,급속,어린이대공원 후문주차장,광진구 능동로 216,50,15.18,41분,2021-12-14,21:07,21:47
5465,급속,어린이대공원 후문주차장,광진구 능동로 216,50,17.05,26분,2021-12-14,20:40,21:05
5486,급속,어린이대공원 후문주차장,광진구 능동로 216,50,3.48,11분,2021-12-14,17:42,17:52
5503,급속,어린이대공원 후문주차장,광진구 능동로 216,50,23.73,41분,2021-12-14,16:10,16:51
5513,급속,어린이대공원 후문주차장,광진구 능동로 216,50,27.29,41분,2021-12-14,15:17,15:57
5521,급속,어린이대공원 후문주차장,광진구 능동로 216,50,11.35,24분,2021-12-14,14:23,14:46
5525,급속,어린이대공원 후문주차장,광진구 능동로 216,50,24.95,41분,2021-12-14,13:41,14:21
5582,급속,어린이대공원 후문주차장,광진구 능동로 216,50,24.3,33분,2021-12-14,8:26,8:59
5609,급속,어린이대공원 후문주차장,광진구 능동로 216,50,25.94,41분,2021-12-13,23:55,0:35
5637,급속,어린이대공원 후문주차장,광진구 능동로 216,50,6.54,41분,2021-12-13,20:05,20:46
5667,급속,어린이대공원 후문주차장,광진구 능동로 216,50,29.46,41분,2021-12-13,17:38,18:18
5669,급속,어린이대공원 후문주차장,광진구 능동로 216,50,0,2분,2021-12-13,17:36,17:38
5698,급속,어린이대공원 후문주차장,광진구 능동로 216,50,9.4,39분,2021-12-13,14:52,15:31
5704,급속,어린이대공원 후문주차장,광진구 능동로 216,50,22.18,37분,2021-12-13,14:15,14:52
5740,급속,어린이대공원 후문주차장,광진구 능동로 216,50,25.32,41분,2021-12-13,11:42,12:22
5779,급속,어린이대공원 후문주차장,광진구 능동로 216,50,10.61,22분,2021-12-13,1:17,1:38
5782,급속,어린이대공원 후문주차장,광진구 능동로 216,50,17.05,28분,2021-12-13,0:48,1:15
5783,급속,어린이대공원 후문주차장,광진구 능동로 216,50,0,2분,2021-12-13,0:44,0:45
5787,급속,어린이대공원 후문주차장,광진구 능동로 216,50,11.93,41분,2021-12-12,23:25,0:06
5790,급속,어린이대공원 후문주차장,광진구 능동로 216,50,27.42,41분,2021-12-12,22:45,23:25
5875,급속,어린이대공원 후문주차장,광진구 능동로 216,50,29.57,41분,2021-12-12,7:39,8:19
5876,급속,어린이대공원 후문주차장,광진구 능동로 216,50,0,2분,2021-12-12,7:36,7:37
5901,급속,어린이대공원 후문주차장,광진구 능동로 216,50,3.44,41분,2021-12-11,22:20,23:00
5946,급속,어린이대공원 후문주차장,광진구 능동로 216,50,14.76,41분,2021-12-11,15:00,15:40
5980,급속,어린이대공원 후문주차장,광진구 능동로 216,50,24.61,41분,2021-12-11,7:23,8:03
5998,급속,어린이대공원 후문주차장,광진구 능동로 216,50,13.26,41분,2021-12-10,22:33,23:13
6001,급속,어린이대공원 후문주차장,광진구 능동로 216,50,27.44,41분,2021-12-10,21:53,22:33
6046,급속,어린이대공원 후문주차장,광진구 능동로 216,50,17.05,26분,2021-12-10,17:10,17:36
6151,급속,어린이대공원 후문주차장,광진구 능동로 216,50,23.87,35분,2021-12-09,21:36,22:11
6156,급속,어린이대공원 후문주차장,광진구 능동로 216,50,29.46,41분,2021-12-09,20:53,21:33
6205,급속,어린이대공원 후문주차장,광진구 능동로 216,50,15.5,41분,2021-12-09,15:32,16:12
6233,급속,어린이대공원 후문주차장,광진구 능동로 216,50,0,1분,2021-12-09,12:50,12:50
6235,급속,어린이대공원 후문주차장,광진구 능동로 216,50,0.91,4분,2021-12-09,12:42,12:45
6236,급속,어린이대공원 후문주차장,광진구 능동로 216,50,0,1분,2021-12-09,12:40,12:40
6245,급속,어린이대공원 후문주차장,광진구 능동로 216,50,23.02,38분,2021-12-09,11:55,12:33
6313,급속,어린이대공원 후문주차장,광진구 능동로 216,50,17.02,28분,2021-12-08,21:44,22:12
6356,급속,어린이대공원 후문주차장,광진구 능동로 216,50,6.7,41분,2021-12-08,17:47,18:27
6359,급속,어린이대공원 후문주차장,광진구 능동로 216,50,15.33,41분,2021-12-08,17:07,17:47
6372,급속,어린이대공원 후문주차장,광진구 능동로 216,50,13.56,41분,2021-12-08,16:00,16:40
6380,급속,어린이대공원 후문주차장,광진구 능동로 216,50,17.03,34분,2021-12-08,15:22,15:56
6399,급속,어린이대공원 후문주차장,광진구 능동로 216,50,12.35,41분,2021-12-08,12:36,13:16
6428,급속,어린이대공원 후문주차장,광진구 능동로 216,50,4.88,41분,2021-12-08,10:11,10:51
6432,급속,어린이대공원 후문주차장,광진구 능동로 216,50,11.46,41분,2021-12-08,9:29,10:09
6436,급속,어린이대공원 후문주차장,광진구 능동로 216,50,8.94,23분,2021-12-08,8:50,9:13
6465,급속,어린이대공원 후문주차장,광진구 능동로 216,50,9.74,41분,2021-12-07,23:10,23:50
6469,급속,어린이대공원 후문주차장,광진구 능동로 216,50,26.27,41분,2021-12-07,22:29,23:09
6494,급속,어린이대공원 후문주차장,광진구 능동로 216,50,8.56,41분,2021-12-07,18:22,19:02
6502,급속,어린이대공원 후문주차장,광진구 능동로 216,50,23.93,41분,2021-12-07,17:40,18:20
6513,급속,어린이대공원 후문주차장,광진구 능동로 216,50,13.6,41분,2021-12-07,16:24,17:04
6534,급속,어린이대공원 후문주차장,광진구 능동로 216,50,13.52,41분,2021-12-07,13:53,14:33
6539,급속,어린이대공원 후문주차장,광진구 능동로 216,50,20.09,32분,2021-12-07,13:21,13:53
6582,급속,어린이대공원 후문주차장,광진구 능동로 216,50,17.84,41분,2021-12-07,8:59,9:39
6645,급속,어린이대공원 후문주차장,광진구 능동로 216,50,17.97,41분,2021-12-06,17:46,18:26
6666,급속,어린이대공원 후문주차장,광진구 능동로 216,50,17.16,41분,2021-12-06,15:23,16:03
6703,급속,어린이대공원 후문주차장,광진구 능동로 216,50,20.42,29분,2021-12-06,9:50,10:19
6723,급속,어린이대공원 후문주차장,광진구 능동로 216,50,11.74,35분,2021-12-06,2:25,3:00
6741,급속,어린이대공원 후문주차장,광진구 능동로 216,50,7.68,23분,2021-12-05,22:09,22:32
6746,급속,어린이대공원 후문주차장,광진구 능동로 216,50,15.34,41분,2021-12-05,21:23,22:04
6792,급속,어린이대공원 후문주차장,광진구 능동로 216,50,29.71,41분,2021-12-05,15:00,15:40
6798,급속,어린이대공원 후문주차장,광진구 능동로 216,50,27.04,39분,2021-12-05,14:04,14:42
6812,급속,어린이대공원 후문주차장,광진구 능동로 216,50,29.92,41분,2021-12-05,11:36,12:16
6813,급속,어린이대공원 후문주차장,광진구 능동로 216,50,6.13,10분,2021-12-05,11:26,11:36
6973,급속,어린이대공원 후문주차장,광진구 능동로 216,50,10.71,41분,2021-12-04,6:03,6:43
6977,급속,어린이대공원 후문주차장,광진구 능동로 216,50,19.55,41분,2021-12-04,5:22,6:02
7002,급속,어린이대공원 후문주차장,광진구 능동로 216,50,27.43,41분,2021-12-03,22:40,23:20
7021,급속,어린이대공원 후문주차장,광진구 능동로 216,50,5.1,41분,2021-12-03,20:45,21:25
7028,급속,어린이대공원 후문주차장,광진구 능동로 216,50,9.56,41분,2021-12-03,20:03,20:43
7036,급속,어린이대공원 후문주차장,광진구 능동로 216,50,17.02,40분,2021-12-03,19:23,20:02
7096,급속,어린이대공원 후문주차장,광진구 능동로 216,50,26.32,41분,2021-12-03,13:21,14:02
7122,급속,어린이대공원 후문주차장,광진구 능동로 216,50,15.84,40분,2021-12-03,10:05,10:45
7130,급속,어린이대공원 후문주차장,광진구 능동로 216,50,4.51,16분,2021-12-03,9:41,9:56
7144,급속,어린이대공원 후문주차장,광진구 능동로 216,50,18.35,41분,2021-12-03,8:26,9:06
7148,급속,어린이대공원 후문주차장,광진구 능동로 216,50,29.72,41분,2021-12-03,7:45,8:25
7162,급속,어린이대공원 후문주차장,광진구 능동로 216,50,9.54,41분,2021-12-03,1:08,1:48
7167,급속,어린이대공원 후문주차장,광진구 능동로 216,50,26.04,41분,2021-12-03,0:27,1:07
7174,급속,어린이대공원 후문주차장,광진구 능동로 216,50,22.97,41분,2021-12-02,22:35,23:15
7180,급속,어린이대공원 후문주차장,광진구 능동로 216,50,24.44,41분,2021-12-02,21:54,22:34
7228,급속,어린이대공원 후문주차장,광진구 능동로 216,50,10.1,41분,2021-12-02,16:06,16:46
7237,급속,어린이대공원 후문주차장,광진구 능동로 216,50,19.31,31분,2021-12-02,15:35,16:06
7250,급속,어린이대공원 후문주차장,광진구 능동로 216,50,14.8,41분,2021-12-02,14:41,15:21
7273,급속,어린이대공원 후문주차장,광진구 능동로 216,50,16.96,41분,2021-12-02,13:26,14:06
7347,급속,어린이대공원 후문주차장,광진구 능동로 216,50,11.96,41분,2021-12-02,2:25,3:06
7349,급속,어린이대공원 후문주차장,광진구 능동로 216,50,27.47,41분,2021-12-02,1:45,2:25
7378,급속,어린이대공원 후문주차장,광진구 능동로 216,50,17.87,41분,2021-12-01,20:00,20:40
7383,급속,어린이대공원 후문주차장,광진구 능동로 216,50,22.86,41분,2021-12-01,19:19,19:59
7423,급속,어린이대공원 후문주차장,광진구 능동로 216,50,17.06,24분,2021-12-01,16:04,16:27
7444,급속,어린이대공원 후문주차장,광진구 능동로 216,50,5.33,30분,2021-12-01,14:36,15:05
7449,급속,어린이대공원 후문주차장,광진구 능동로 216,50,7.15,11분,2021-12-01,14:20,14:30
7456,급속,어린이대공원 후문주차장,광진구 능동로 216,50,9.45,27분,2021-12-01,13:32,13:58
7458,급속,어린이대공원 후문주차장,광진구 능동로 216,50,0,1분,2021-12-01,13:31,13:31
7469,급속,어린이대공원 후문주차장,광진구 능동로 216,50,17.05,26분,2021-12-01,12:30,12:56
7496,급속,어린이대공원 후문주차장,광진구 능동로 216,50,10.64,23분,2021-12-01,8:20,8:42
7526,급속,어린이대공원 후문주차장,광진구 능동로 216,50,16.75,41분,2021-12-01,2:18,2:58
7565,급속,어린이대공원 후문주차장,광진구 능동로 216,50,17.04,28분,2021-11-30,21:31,21:59
7570,급속,어린이대공원 후문주차장,광진구 능동로 216,50,0,1분,2021-11-30,21:00,21:00
7577,급속,어린이대공원 후문주차장,광진구 능동로 216,50,17.04,31분,2021-11-30,20:28,20:58
7603,급속,어린이대공원 후문주차장,광진구 능동로 216,50,24.87,40분,2021-11-30,17:57,18:37
7633,급속,어린이대공원 후문주차장,광진구 능동로 216,50,12.94,41분,2021-11-30,15:35,16:15
7646,급속,어린이대공원 후문주차장,광진구 능동로 216,50,6.39,34분,2021-11-30,14:48,15:21
7658,급속,어린이대공원 후문주차장,광진구 능동로 216,50,21.67,41분,2021-11-30,14:04,14:44
7671,급속,어린이대공원 후문주차장,광진구 능동로 216,50,2.78,26분,2021-11-30,13:04,13:30
7681,급속,어린이대공원 후문주차장,광진구 능동로 216,50,6.8,41분,2021-11-30,12:23,13:03
7768,급속,어린이대공원 후문주차장,광진구 능동로 216,50,8.72,41분,2021-11-30,2:08,2:48
7772,급속,어린이대공원 후문주차장,광진구 능동로 216,50,25.04,41분,2021-11-30,1:27,2:08
7837,급속,어린이대공원 후문주차장,광진구 능동로 216,50,11.55,33분,2021-11-29,17:16,17:49
7841,급속,어린이대공원 후문주차장,광진구 능동로 216,50,14.61,25분,2021-11-29,16:52,17:16
7854,급속,어린이대공원 후문주차장,광진구 능동로 216,50,11.41,41분,2021-11-29,15:44,16:24
7880,급속,어린이대공원 후문주차장,광진구 능동로 216,50,5.97,32분,2021-11-29,13:56,14:27
7915,급속,어린이대공원 후문주차장,광진구 능동로 216,50,27.92,41분,2021-11-29,12:18,12:58
7926,급속,어린이대공원 후문주차장,광진구 능동로 216,50,29.71,41분,2021-11-29,11:36,12:16
7933,급속,어린이대공원 후문주차장,광진구 능동로 216,50,7.66,11분,2021-11-29,10:55,11:06
7979,급속,어린이대공원 후문주차장,광진구 능동로 216,50,17.05,24분,2021-11-29,4:34,4:58
7980,급속,어린이대공원 후문주차장,광진구 능동로 216,50,0,1분,2021-11-29,4:33,4:33
7981,급속,어린이대공원 후문주차장,광진구 능동로 216,50,0,1분,2021-11-29,4:32,4:32
7985,급속,어린이대공원 후문주차장,광진구 능동로 216,50,29.47,41분,2021-11-29,3:20,4:00
8055,급속,어린이대공원 후문주차장,광진구 능동로 216,50,17.82,41분,2021-11-28,19:02,19:42
8058,급속,어린이대공원 후문주차장,광진구 능동로 216,50,27.26,41분,2021-11-28,18:21,19:01
8144,급속,어린이대공원 후문주차장,광진구 능동로 216,50,5.18,41분,2021-11-28,10:58,11:38
8145,급속,어린이대공원 후문주차장,광진구 능동로 216,50,0,2분,2021-11-28,10:56,10:57
8267,급속,어린이대공원 후문주차장,광진구 능동로 216,50,17.04,25분,2021-11-27,20:41,21:06
8271,급속,어린이대공원 후문주차장,광진구 능동로 216,50,10.39,17분,2021-11-27,20:23,20:40
8277,급속,어린이대공원 후문주차장,광진구 능동로 216,50,9.56,41분,2021-11-27,19:20,20:00
8285,급속,어린이대공원 후문주차장,광진구 능동로 216,50,21.76,41분,2021-11-27,18:39,19:19
8287,급속,어린이대공원 후문주차장,광진구 능동로 216,50,8.03,14분,2021-11-27,18:22,18:36
8295,급속,어린이대공원 후문주차장,광진구 능동로 216,50,24.75,41분,2021-11-27,17:41,18:21
8305,급속,어린이대공원 후문주차장,광진구 능동로 216,50,14.48,41분,2021-11-27,16:28,17:08
8327,급속,어린이대공원 후문주차장,광진구 능동로 216,50,12.8,41분,2021-11-27,14:02,14:42
8335,급속,어린이대공원 후문주차장,광진구 능동로 216,50,23.84,38분,2021-11-27,13:24,14:02
8375,급속,어린이대공원 후문주차장,광진구 능동로 216,50,15.47,41분,2021-11-27,10:33,11:13
8391,급속,어린이대공원 후문주차장,광진구 능동로 216,50,14.48,41분,2021-11-27,9:29,10:10
8406,급속,어린이대공원 후문주차장,광진구 능동로 216,50,19.47,28분,2021-11-27,7:47,8:14
8447,급속,어린이대공원 후문주차장,광진구 능동로 216,50,9.77,41분,2021-11-27,2:31,3:11
8451,급속,어린이대공원 후문주차장,광진구 능동로 216,50,26.36,41분,2021-11-27,1:50,2:30
8503,급속,어린이대공원 후문주차장,광진구 능동로 216,50,26.85,41분,2021-11-26,20:37,21:17
8535,급속,어린이대공원 후문주차장,광진구 능동로 216,50,16.42,41분,2021-11-26,18:03,18:43
8651,급속,어린이대공원 후문주차장,광진구 능동로 216,50,6.71,10분,2021-11-26,7:44,7:53
8652,급속,어린이대공원 후문주차장,광진구 능동로 216,50,0,1분,2021-11-26,7:43,7:43
8658,급속,어린이대공원 후문주차장,광진구 능동로 216,50,29.59,41분,2021-11-26,7:02,7:42
8722,급속,어린이대공원 후문주차장,광진구 능동로 216,50,17.34,41분,2021-11-26,0:13,0:53
8725,급속,어린이대공원 후문주차장,광진구 능동로 216,50,27.32,41분,2021-11-25,23:32,0:12
8758,급속,어린이대공원 후문주차장,광진구 능동로 216,50,29.62,41분,2021-11-25,20:40,21:20
8777,급속,어린이대공원 후문주차장,광진구 능동로 216,50,1.69,19분,2021-11-25,18:51,19:10
8785,급속,어린이대공원 후문주차장,광진구 능동로 216,50,5.49,41분,2021-11-25,18:09,18:49
8790,급속,어린이대공원 후문주차장,광진구 능동로 216,50,13.27,41분,2021-11-25,17:26,18:06
8845,급속,어린이대공원 후문주차장,광진구 능동로 216,50,17.67,41분,2021-11-25,13:41,14:21
8860,급속,어린이대공원 후문주차장,광진구 능동로 216,50,25.07,41분,2021-11-25,12:54,13:34
8882,급속,어린이대공원 후문주차장,광진구 능동로 216,50,20.77,35분,2021-11-25,10:44,11:19
8955,급속,어린이대공원 후문주차장,광진구 능동로 216,50,10.4,41분,2021-11-25,2:10,2:50
8959,급속,어린이대공원 후문주차장,광진구 능동로 216,50,26.74,41분,2021-11-25,1:29,2:09
8980,급속,어린이대공원 후문주차장,광진구 능동로 216,50,8.11,16분,2021-11-24,22:46,23:02
9089,급속,어린이대공원 후문주차장,광진구 능동로 216,50,23.05,32분,2021-11-24,14:28,14:59
9134,급속,어린이대공원 후문주차장,광진구 능동로 216,50,17.04,28분,2021-11-24,12:28,12:56
9153,급속,어린이대공원 후문주차장,광진구 능동로 216,50,18.12,41분,2021-11-24,11:11,11:51
9227,급속,어린이대공원 후문주차장,광진구 능동로 216,50,13.45,41분,2021-11-24,0:55,1:35
9230,급속,어린이대공원 후문주차장,광진구 능동로 216,50,27.42,41분,2021-11-24,0:14,0:54
9277,급속,어린이대공원 후문주차장,광진구 능동로 216,50,7.54,12분,2021-11-23,18:09,18:20
9292,급속,어린이대공원 후문주차장,광진구 능동로 216,50,5.1,40분,2021-11-23,17:05,17:45
9304,급속,어린이대공원 후문주차장,광진구 능동로 216,50,10.78,41분,2021-11-23,16:24,17:04
9326,급속,어린이대공원 후문주차장,광진구 능동로 216,50,6.78,35분,2021-11-23,14:52,15:27
9336,급속,어린이대공원 후문주차장,광진구 능동로 216,50,21.53,40분,2021-11-23,14:12,14:52
9539,급속,어린이대공원 후문주차장,광진구 능동로 216,50,7.1,24분,2021-11-22,16:55,17:18
9548,급속,어린이대공원 후문주차장,광진구 능동로 216,50,15.21,41분,2021-11-22,16:12,16:52
9562,급속,어린이대공원 후문주차장,광진구 능동로 216,50,15.21,41분,2021-11-22,15:02,15:42
9578,급속,어린이대공원 후문주차장,광진구 능동로 216,50,19.13,27분,2021-11-22,13:34,14:00
9597,급속,어린이대공원 후문주차장,광진구 능동로 216,50,20.06,28분,2021-11-22,12:17,12:45
9607,급속,어린이대공원 후문주차장,광진구 능동로 216,50,15.44,41분,2021-11-22,11:25,12:05
9617,급속,어린이대공원 후문주차장,광진구 능동로 216,50,11.31,17분,2021-11-22,10:34,10:50
9641,급속,어린이대공원 후문주차장,광진구 능동로 216,50,17.05,25분,2021-11-22,8:52,9:16
9728,급속,어린이대공원 후문주차장,광진구 능동로 216,50,27.59,41분,2021-11-21,19:06,19:46
9753,급속,어린이대공원 후문주차장,광진구 능동로 216,50,4.51,20분,2021-11-21,16:21,16:40
9759,급속,어린이대공원 후문주차장,광진구 능동로 216,50,18.75,41분,2021-11-21,15:41,16:21
9771,급속,어린이대공원 후문주차장,광진구 능동로 216,50,0,2분,2021-11-21,14:23,14:25
9779,급속,어린이대공원 후문주차장,광진구 능동로 216,50,20.38,41분,2021-11-21,13:02,13:42
9796,급속,어린이대공원 후문주차장,광진구 능동로 216,50,22.09,41분,2021-11-21,11:16,11:56
9870,급속,어린이대공원 후문주차장,광진구 능동로 216,50,19.03,28분,2021-11-21,2:24,2:51
9875,급속,어린이대공원 후문주차장,광진구 능동로 216,50,26.61,41분,2021-11-21,1:42,2:22
9876,급속,어린이대공원 후문주차장,광진구 능동로 216,50,0,1분,2021-11-21,1:41,1:41
9878,급속,어린이대공원 후문주차장,광진구 능동로 216,50,0,1분,2021-11-21,1:40,1:41
9931,급속,어린이대공원 후문주차장,광진구 능동로 216,50,28.04,41분,2021-11-20,19:35,20:15
10051,급속,어린이대공원 후문주차장,광진구 능동로 216,50,20.61,41분,2021-11-20,6:28,7:08
10081,급속,어린이대공원 후문주차장,광진구 능동로 216,50,16.77,37분,2021-11-20,2:19,2:55
10085,급속,어린이대공원 후문주차장,광진구 능동로 216,50,27.38,41분,2021-11-20,1:38,2:18
10132,급속,어린이대공원 후문주차장,광진구 능동로 216,50,22.14,41분,2021-11-19,19:08,19:48
10147,급속,어린이대공원 후문주차장,광진구 능동로 216,50,26.61,41분,2021-11-19,17:39,18:19
10154,급속,어린이대공원 후문주차장,광진구 능동로 216,50,13.15,19분,2021-11-19,17:08,17:26
10175,급속,어린이대공원 후문주차장,광진구 능동로 216,50,16.82,41분,2021-11-19,15:38,16:18
10185,급속,어린이대공원 후문주차장,광진구 능동로 216,50,17.04,25분,2021-11-19,15:11,15:36
10315,급속,어린이대공원 후문주차장,광진구 능동로 216,50,4.79,14분,2021-11-18,23:09,23:22
10320,급속,어린이대공원 후문주차장,광진구 능동로 216,50,24.44,41분,2021-11-18,22:28,23:08
10328,급속,어린이대공원 후문주차장,광진구 능동로 216,50,29.79,41분,2021-11-18,21:32,22:12
10338,급속,어린이대공원 후문주차장,광진구 능동로 216,50,3.13,17분,2021-11-18,19:52,20:09
10344,급속,어린이대공원 후문주차장,광진구 능동로 216,50,20.78,41분,2021-11-18,19:11,19:51
10383,급속,어린이대공원 후문주차장,광진구 능동로 216,50,7,20분,2021-11-18,16:17,16:37
10391,급속,어린이대공원 후문주차장,광진구 능동로 216,50,22.78,37분,2021-11-18,15:40,16:17
10412,급속,어린이대공원 후문주차장,광진구 능동로 216,50,17.04,25분,2021-11-18,13:38,14:02
10421,급속,어린이대공원 후문주차장,광진구 능동로 216,50,26.71,41분,2021-11-18,12:55,13:35
10453,급속,어린이대공원 후문주차장,광진구 능동로 216,50,14.78,41분,2021-11-18,9:50,10:30
10455,급속,어린이대공원 후문주차장,광진구 능동로 216,50,0,2분,2021-11-18,9:35,9:37
10472,급속,어린이대공원 후문주차장,광진구 능동로 216,50,27.37,41분,2021-11-18,7:35,8:15
10526,급속,어린이대공원 후문주차장,광진구 능동로 216,50,26.75,41분,2021-11-17,21:12,21:53
10575,급속,어린이대공원 후문주차장,광진구 능동로 216,50,12.93,24분,2021-11-17,15:28,15:51
10583,급속,어린이대공원 후문주차장,광진구 능동로 216,50,29.58,41분,2021-11-17,14:44,15:24
10594,급속,어린이대공원 후문주차장,광진구 능동로 216,50,6.98,22분,2021-11-17,14:05,14:27
10602,급속,어린이대공원 후문주차장,광진구 능동로 216,50,21.54,39분,2021-11-17,13:26,14:05
10622,급속,어린이대공원 후문주차장,광진구 능동로 216,50,9.75,41분,2021-11-17,11:18,11:58
10634,급속,어린이대공원 후문주차장,광진구 능동로 216,50,0,1분,2021-11-17,9:33,9:33
10636,급속,어린이대공원 후문주차장,광진구 능동로 216,50,0,1분,2021-11-17,9:31,9:32
10728,급속,어린이대공원 후문주차장,광진구 능동로 216,50,6.16,41분,2021-11-16,17:02,17:42
10741,급속,어린이대공원 후문주차장,광진구 능동로 216,50,12.45,41분,2021-11-16,16:19,16:59
10750,급속,어린이대공원 후문주차장,광진구 능동로 216,50,10,39분,2021-11-16,15:22,16:01
10760,급속,어린이대공원 후문주차장,광진구 능동로 216,50,29.46,41분,2021-11-16,14:38,15:18
10827,급속,어린이대공원 후문주차장,광진구 능동로 216,50,16.97,41분,2021-11-16,6:40,7:20
10854,급속,어린이대공원 후문주차장,광진구 능동로 216,50,0,2분,2021-11-16,1:01,1:02
10926,급속,어린이대공원 후문주차장,광진구 능동로 216,50,12.26,21분,2021-11-15,15:12,15:32
10934,급속,어린이대공원 후문주차장,광진구 능동로 216,50,0.51,2분,2021-11-15,14:26,14:28
10935,급속,어린이대공원 후문주차장,광진구 능동로 216,50,1.2,4분,2021-11-15,14:21,14:24
10943,급속,어린이대공원 후문주차장,광진구 능동로 216,50,9.62,24분,2021-11-15,13:45,14:09
10950,급속,어린이대공원 후문주차장,광진구 능동로 216,50,27.65,41분,2021-11-15,13:01,13:41
11006,급속,어린이대공원 후문주차장,광진구 능동로 216,50,16.05,36분,2021-11-15,7:49,8:24
11009,급속,어린이대공원 후문주차장,광진구 능동로 216,50,17.02,27분,2021-11-15,7:20,7:47
11129,급속,어린이대공원 후문주차장,광진구 능동로 216,50,9.25,41분,2021-11-14,10:52,11:32
11135,급속,어린이대공원 후문주차장,광진구 능동로 216,50,17.63,41분,2021-11-14,10:12,10:52
11222,급속,어린이대공원 후문주차장,광진구 능동로 216,50,24.7,41분,2021-11-13,18:46,19:27
11334,급속,어린이대공원 후문주차장,광진구 능동로 216,50,20.05,28분,2021-11-13,7:10,7:38
11405,급속,어린이대공원 후문주차장,광진구 능동로 216,50,6.1,11분,2021-11-12,21:30,21:40
11418,급속,어린이대공원 후문주차장,광진구 능동로 216,50,12.85,28분,2021-11-12,20:31,20:58
11424,급속,어린이대공원 후문주차장,광진구 능동로 216,50,17.04,26분,2021-11-12,19:57,20:23
11483,급속,어린이대공원 후문주차장,광진구 능동로 216,50,22.34,41분,2021-11-12,14:13,14:53
11561,급속,어린이대공원 후문주차장,광진구 능동로 216,50,10.28,22분,2021-11-12,8:06,8:28
11573,급속,어린이대공원 후문주차장,광진구 능동로 216,50,23.05,37분,2021-11-12,6:52,7:29
11603,급속,어린이대공원 후문주차장,광진구 능동로 216,50,17.01,39분,2021-11-12,1:25,2:04
11609,급속,어린이대공원 후문주차장,광진구 능동로 216,50,17.04,28분,2021-11-12,0:57,1:24
11610,급속,어린이대공원 후문주차장,광진구 능동로 216,50,0,2분,2021-11-12,0:55,0:56
11618,급속,어린이대공원 후문주차장,광진구 능동로 216,50,17.01,30분,2021-11-12,0:17,0:47
11672,급속,어린이대공원 후문주차장,광진구 능동로 216,50,10.05,19분,2021-11-11,19:57,20:15
11682,급속,어린이대공원 후문주차장,광진구 능동로 216,50,6.94,39분,2021-11-11,18:42,19:20
11691,급속,어린이대공원 후문주차장,광진구 능동로 216,50,21.45,41분,2021-11-11,18:01,18:41
11700,급속,어린이대공원 후문주차장,광진구 능동로 216,50,24.78,41분,2021-11-11,17:09,17:49
11744,급속,어린이대공원 후문주차장,광진구 능동로 216,50,17.05,26분,2021-11-11,14:40,15:06
11759,급속,어린이대공원 후문주차장,광진구 능동로 216,50,0,1분,2021-11-11,13:45,13:45
11760,급속,어린이대공원 후문주차장,광진구 능동로 216,50,0.91,3분,2021-11-11,13:41,13:44
11764,급속,어린이대공원 후문주차장,광진구 능동로 216,50,0,2분,2021-11-11,13:35,13:37
11773,급속,어린이대공원 후문주차장,광진구 능동로 216,50,18.22,41분,2021-11-11,12:44,13:24
11780,급속,어린이대공원 후문주차장,광진구 능동로 216,50,9.65,31분,2021-11-11,12:11,12:41
11812,급속,어린이대공원 후문주차장,광진구 능동로 216,50,19.57,33분,2021-11-11,9:48,10:21
11943,급속,어린이대공원 후문주차장,광진구 능동로 216,50,3.43,25분,2021-11-10,19:16,19:41
11953,급속,어린이대공원 후문주차장,광진구 능동로 216,50,7.07,41분,2021-11-10,18:35,19:15
11993,급속,어린이대공원 후문주차장,광진구 능동로 216,50,3.93,19분,2021-11-10,14:30,14:49
12001,급속,어린이대공원 후문주차장,광진구 능동로 216,50,21.57,41분,2021-11-10,13:48,14:28
12012,급속,어린이대공원 후문주차장,광진구 능동로 216,50,21.81,41분,2021-11-10,12:42,13:22
12024,급속,어린이대공원 후문주차장,광진구 능동로 216,50,0,1분,2021-11-10,11:46,11:47
12033,급속,어린이대공원 후문주차장,광진구 능동로 216,50,10.04,16분,2021-11-10,11:00,11:15
12055,급속,어린이대공원 후문주차장,광진구 능동로 216,50,5.16,41분,2021-11-10,8:40,9:20
12083,급속,어린이대공원 후문주차장,광진구 능동로 216,50,4.61,22분,2021-11-10,4:50,5:12
12148,급속,어린이대공원 후문주차장,광진구 능동로 216,50,17.02,36분,2021-11-09,20:23,20:59
12155,급속,어린이대공원 후문주차장,광진구 능동로 216,50,24.99,41분,2021-11-09,19:43,20:23
12172,급속,어린이대공원 후문주차장,광진구 능동로 216,50,8.22,41분,2021-11-09,17:43,18:23
12173,급속,어린이대공원 후문주차장,광진구 능동로 216,50,0,1분,2021-11-09,17:42,17:42
12174,급속,어린이대공원 후문주차장,광진구 능동로 216,50,0,2분,2021-11-09,17:39,17:41
12178,급속,어린이대공원 후문주차장,광진구 능동로 216,50,0.93,4분,2021-11-09,17:26,17:30
12181,급속,어린이대공원 후문주차장,광진구 능동로 216,50,10.37,25분,2021-11-09,16:58,17:23
12190,급속,어린이대공원 후문주차장,광진구 능동로 216,50,27.72,41분,2021-11-09,16:17,16:57
12207,급속,어린이대공원 후문주차장,광진구 능동로 216,50,5.03,24분,2021-11-09,14:25,14:49
12208,급속,어린이대공원 후문주차장,광진구 능동로 216,50,0,1분,2021-11-09,14:25,14:25
12222,급속,어린이대공원 후문주차장,광진구 능동로 216,50,24.24,41분,2021-11-09,13:31,14:11
12223,급속,어린이대공원 후문주차장,광진구 능동로 216,50,0,1분,2021-11-09,13:28,13:29
12262,급속,어린이대공원 후문주차장,광진구 능동로 216,50,11.12,28분,2021-11-09,9:02,9:30
12268,급속,어린이대공원 후문주차장,광진구 능동로 216,50,29.78,41분,2021-11-09,8:21,9:01
12275,급속,어린이대공원 후문주차장,광진구 능동로 216,50,29.61,41분,2021-11-09,7:40,8:20
12295,급속,어린이대공원 후문주차장,광진구 능동로 216,50,7.29,35분,2021-11-09,5:08,5:43
12315,급속,어린이대공원 후문주차장,광진구 능동로 216,50,15.6,41분,2021-11-09,1:36,2:17
12319,급속,어린이대공원 후문주차장,광진구 능동로 216,50,17.04,31분,2021-11-09,1:06,1:36
12336,급속,어린이대공원 후문주차장,광진구 능동로 216,50,12.66,20분,2021-11-08,22:30,22:49
12341,급속,어린이대공원 후문주차장,광진구 능동로 216,50,29.56,41분,2021-11-08,21:46,22:26
12406,급속,어린이대공원 후문주차장,광진구 능동로 216,50,7.75,41분,2021-11-08,14:44,15:24
12416,급속,어린이대공원 후문주차장,광진구 능동로 216,50,20.1,41분,2021-11-08,14:01,14:41
12430,급속,어린이대공원 후문주차장,광진구 능동로 216,50,19.94,34분,2021-11-08,12:56,13:29
12459,급속,어린이대공원 후문주차장,광진구 능동로 216,50,27.56,41분,2021-11-08,9:35,10:15
12472,급속,어린이대공원 후문주차장,광진구 능동로 216,50,11.36,16분,2021-11-08,7:59,8:14
12489,급속,어린이대공원 후문주차장,광진구 능동로 216,50,5.31,19분,2021-11-08,4:45,5:03
12506,급속,어린이대공원 후문주차장,광진구 능동로 216,50,17.02,35분,2021-11-08,0:54,1:28
12511,급속,어린이대공원 후문주차장,광진구 능동로 216,50,17.05,29분,2021-11-08,0:25,0:53
12531,급속,어린이대공원 후문주차장,광진구 능동로 216,50,20.99,29분,2021-11-07,21:46,22:15
12561,급속,어린이대공원 후문주차장,광진구 능동로 216,50,12.67,31분,2021-11-07,18:42,19:12
12562,급속,어린이대공원 후문주차장,광진구 능동로 216,50,0,1분,2021-11-07,18:36,18:37
12576,급속,어린이대공원 후문주차장,광진구 능동로 216,50,23.57,41분,2021-11-07,17:00,17:40
12678,급속,어린이대공원 후문주차장,광진구 능동로 216,50,28.6,41분,2021-11-07,6:04,6:44
12683,급속,어린이대공원 후문주차장,광진구 능동로 216,50,2.13,5분,2021-11-07,5:16,5:20
12741,급속,어린이대공원 후문주차장,광진구 능동로 216,50,20.35,41분,2021-11-06,21:17,21:57
12747,급속,어린이대공원 후문주차장,광진구 능동로 216,50,17.04,28분,2021-11-06,20:48,21:16
12832,급속,어린이대공원 후문주차장,광진구 능동로 216,50,17.03,26분,2021-11-06,11:30,11:55
12838,급속,어린이대공원 후문주차장,광진구 능동로 216,50,7.34,11분,2021-11-06,10:30,10:40
12845,급속,어린이대공원 후문주차장,광진구 능동로 216,50,27.26,41분,2021-11-06,9:48,10:28
12899,급속,어린이대공원 후문주차장,광진구 능동로 216,50,16.4,32분,2021-11-06,2:24,2:56
12900,급속,어린이대공원 후문주차장,광진구 능동로 216,50,2.75,6분,2021-11-06,2:14,2:20
12903,급속,어린이대공원 후문주차장,광진구 능동로 216,50,10.15,15분,2021-11-06,1:53,2:08
12922,급속,어린이대공원 후문주차장,광진구 능동로 216,50,26.9,41분,2021-11-05,22:20,23:00
12934,급속,어린이대공원 후문주차장,광진구 능동로 216,50,29.66,41분,2021-11-05,20:37,21:17
12998,급속,어린이대공원 후문주차장,광진구 능동로 216,50,29.68,41분,2021-11-05,13:58,14:38
13015,급속,어린이대공원 후문주차장,광진구 능동로 216,50,19.09,36분,2021-11-05,12:09,12:45
13122,급속,어린이대공원 후문주차장,광진구 능동로 216,50,9.23,16분,2021-11-04,20:23,20:39
13129,급속,어린이대공원 후문주차장,광진구 능동로 216,50,29.27,41분,2021-11-04,19:40,20:20
13175,급속,어린이대공원 후문주차장,광진구 능동로 216,50,19.12,40분,2021-11-04,16:15,16:54
13197,급속,어린이대공원 후문주차장,광진구 능동로 216,50,14.49,27분,2021-11-04,14:26,14:53
13224,급속,어린이대공원 후문주차장,광진구 능동로 216,50,23.9,41분,2021-11-04,12:00,12:40
13333,급속,어린이대공원 후문주차장,광진구 능동로 216,50,26.95,37분,2021-11-03,21:05,21:41
13346,급속,어린이대공원 후문주차장,광진구 능동로 216,50,29.68,41분,2021-11-03,19:58,20:38
13390,급속,어린이대공원 후문주차장,광진구 능동로 216,50,9.27,30분,2021-11-03,16:03,16:32
13402,급속,어린이대공원 후문주차장,광진구 능동로 216,50,21.77,41분,2021-11-03,15:06,15:46
13434,급속,어린이대공원 후문주차장,광진구 능동로 216,50,25.26,41분,2021-11-03,12:23,13:03
13533,급속,어린이대공원 후문주차장,광진구 능동로 216,50,23.63,41분,2021-11-02,22:09,22:49
13580,급속,어린이대공원 후문주차장,광진구 능동로 216,50,17.02,27분,2021-11-02,17:21,17:48
13587,급속,어린이대공원 후문주차장,광진구 능동로 216,50,29.59,41분,2021-11-02,16:37,17:17
13603,급속,어린이대공원 후문주차장,광진구 능동로 216,50,19.79,41분,2021-11-02,15:22,16:02
13615,급속,어린이대공원 후문주차장,광진구 능동로 216,50,17.04,28분,2021-11-02,14:33,15:01
13630,급속,어린이대공원 후문주차장,광진구 능동로 216,50,17.93,34분,2021-11-02,13:16,13:50
13644,급속,어린이대공원 후문주차장,광진구 능동로 216,50,25.43,41분,2021-11-02,12:32,13:12
13658,급속,어린이대공원 후문주차장,광진구 능동로 216,50,12.63,22분,2021-11-02,12:10,12:31
13673,급속,어린이대공원 후문주차장,광진구 능동로 216,50,17.05,24분,2021-11-02,11:20,11:43
13681,급속,어린이대공원 후문주차장,광진구 능동로 216,50,14.8,23분,2021-11-02,10:45,11:07
13702,급속,어린이대공원 후문주차장,광진구 능동로 216,50,26.59,36분,2021-11-02,8:27,9:03
13706,급속,어린이대공원 후문주차장,광진구 능동로 216,50,29.69,41분,2021-11-02,7:46,8:26
13735,급속,어린이대공원 후문주차장,광진구 능동로 216,50,11.05,41분,2021-11-02,3:49,4:29
13746,급속,어린이대공원 후문주차장,광진구 능동로 216,50,11.24,19분,2021-11-02,1:57,2:15
13749,급속,어린이대공원 후문주차장,광진구 능동로 216,50,17.05,28분,2021-11-02,1:25,1:52
13750,급속,어린이대공원 후문주차장,광진구 능동로 216,50,0,1분,2021-11-02,1:23,1:24
13784,급속,어린이대공원 후문주차장,광진구 능동로 216,50,6.24,24분,2021-11-01,20:37,21:00
13791,급속,어린이대공원 후문주차장,광진구 능동로 216,50,20.7,41분,2021-11-01,19:56,20:36
13802,급속,어린이대공원 후문주차장,광진구 능동로 216,50,20.73,41분,2021-11-01,18:56,19:36
13813,급속,어린이대공원 후문주차장,광진구 능동로 216,50,24.76,41분,2021-11-01,18:07,18:48
13822,급속,어린이대공원 후문주차장,광진구 능동로 216,50,5.12,41분,2021-11-01,17:24,18:04
13828,급속,어린이대공원 후문주차장,광진구 능동로 216,50,10.9,41분,2021-11-01,16:42,17:22
13867,급속,어린이대공원 후문주차장,광진구 능동로 216,50,19.94,41분,2021-11-01,13:29,14:09
13877,급속,어린이대공원 후문주차장,광진구 능동로 216,50,19.95,41분,2021-11-01,12:45,13:25
13922,급속,어린이대공원 후문주차장,광진구 능동로 216,50,18.42,26분,2021-11-01,7:15,7:40
13925,급속,어린이대공원 후문주차장,광진구 능동로 216,50,2.92,24분,2021-11-01,6:48,7:12
13989,급속,어린이대공원 후문주차장,광진구 능동로 216,50,14.71,23분,2021-10-31,19:38,20:00
13999,급속,어린이대공원 후문주차장,광진구 능동로 216,50,10.04,30분,2021-10-31,18:49,19:18
14005,급속,어린이대공원 후문주차장,광진구 능동로 216,50,24.84,41분,2021-10-31,18:08,18:48
14053,급속,어린이대공원 후문주차장,광진구 능동로 216,50,27.8,41분,2021-10-31,12:11,12:51
14087,급속,어린이대공원 후문주차장,광진구 능동로 216,50,28.99,41분,2021-10-31,8:26,9:06
14105,급속,어린이대공원 후문주차장,광진구 능동로 216,50,29.7,41분,2021-10-31,7:26,8:06
14106,급속,어린이대공원 후문주차장,광진구 능동로 216,50,0,1분,2021-10-31,7:23,7:24
14108,급속,어린이대공원 후문주차장,광진구 능동로 216,50,17.03,36분,2021-10-31,6:31,7:06
14172,급속,어린이대공원 후문주차장,광진구 능동로 216,50,8.12,12분,2021-10-30,18:12,18:23
14181,급속,어린이대공원 후문주차장,광진구 능동로 216,50,29.47,41분,2021-10-30,17:24,18:04
14216,급속,어린이대공원 후문주차장,광진구 능동로 216,50,21.36,41분,2021-10-30,13:59,14:40
14230,급속,어린이대공원 후문주차장,광진구 능동로 216,50,9.65,23분,2021-10-30,12:35,12:58
14236,급속,어린이대공원 후문주차장,광진구 능동로 216,50,17.03,27분,2021-10-30,12:07,12:34
14251,급속,어린이대공원 후문주차장,광진구 능동로 216,50,13.65,41분,2021-10-30,10:34,11:14
14261,급속,어린이대공원 후문주차장,광진구 능동로 216,50,9.3,25분,2021-10-30,9:42,10:07
14338,급속,어린이대공원 후문주차장,광진구 능동로 216,50,3.2,11분,2021-10-29,22:38,22:49
14342,급속,어린이대공원 후문주차장,광진구 능동로 216,50,17.03,26분,2021-10-29,22:10,22:35
14378,급속,어린이대공원 후문주차장,광진구 능동로 216,50,18.97,41분,2021-10-29,18:49,19:29
14386,급속,어린이대공원 후문주차장,광진구 능동로 216,50,24.88,41분,2021-10-29,18:01,18:41
14399,급속,어린이대공원 후문주차장,광진구 능동로 216,50,9.54,29분,2021-10-29,16:34,17:02
14425,급속,어린이대공원 후문주차장,광진구 능동로 216,50,14.89,41분,2021-10-29,13:59,14:39
14426,급속,어린이대공원 후문주차장,광진구 능동로 216,50,0,2분,2021-10-29,13:57,13:58
14446,급속,어린이대공원 후문주차장,광진구 능동로 216,50,21.71,41분,2021-10-29,12:42,13:22
14470,급속,어린이대공원 후문주차장,광진구 능동로 216,50,17.04,26분,2021-10-29,10:35,11:01
14494,급속,어린이대공원 후문주차장,광진구 능동로 216,50,17.06,24분,2021-10-29,6:50,7:14
14542,급속,어린이대공원 후문주차장,광진구 능동로 216,50,17.06,25분,2021-10-28,23:20,23:44
14608,급속,어린이대공원 후문주차장,광진구 능동로 216,50,17.03,31분,2021-10-28,16:12,16:43
14616,급속,어린이대공원 후문주차장,광진구 능동로 216,50,17.05,26분,2021-10-28,15:19,15:45
14637,급속,어린이대공원 후문주차장,광진구 능동로 216,50,14.04,23분,2021-10-28,13:35,13:57
14648,급속,어린이대공원 후문주차장,광진구 능동로 216,50,19.82,41분,2021-10-28,12:50,13:30
14662,급속,어린이대공원 후문주차장,광진구 능동로 216,50,13.42,41분,2021-10-28,11:49,12:29
14669,급속,어린이대공원 후문주차장,광진구 능동로 216,50,17.03,28분,2021-10-28,11:04,11:32
15424,급속,어린이대공원 후문주차장,광진구 능동로 216,50,16.69,28분,2021-10-24,9:57,10:24
15483,급속,어린이대공원 후문주차장,광진구 능동로 216,50,27.42,41분,2021-10-24,0:47,1:27
15516,급속,어린이대공원 후문주차장,광진구 능동로 216,50,17.04,24분,2021-10-23,20:03,20:26
15537,급속,어린이대공원 후문주차장,광진구 능동로 216,50,17.06,27분,2021-10-23,17:17,17:43
15558,급속,어린이대공원 후문주차장,광진구 능동로 216,50,27.11,41분,2021-10-23,14:53,15:33
15593,급속,어린이대공원 후문주차장,광진구 능동로 216,50,14.4,41분,2021-10-23,11:31,12:12
15605,급속,어린이대공원 후문주차장,광진구 능동로 216,50,7.91,41분,2021-10-23,10:00,10:40
15606,급속,어린이대공원 후문주차장,광진구 능동로 216,50,0,1분,2021-10-23,9:58,9:58
15607,급속,어린이대공원 후문주차장,광진구 능동로 216,50,0,1분,2021-10-23,9:57,9:57
15615,급속,어린이대공원 후문주차장,광진구 능동로 216,50,20.02,41분,2021-10-23,9:16,9:56
15623,급속,어린이대공원 후문주차장,광진구 능동로 216,50,24.86,41분,2021-10-23,8:08,8:48
15668,급속,어린이대공원 후문주차장,광진구 능동로 216,50,0.73,3분,2021-10-23,1:24,1:26
15673,급속,어린이대공원 후문주차장,광진구 능동로 216,50,14.05,32분,2021-10-23,0:51,1:22
15679,급속,어린이대공원 후문주차장,광진구 능동로 216,50,17.04,25분,2021-10-23,0:12,0:37
15721,급속,어린이대공원 후문주차장,광진구 능동로 216,50,7.66,13분,2021-10-22,18:25,18:37
15733,급속,어린이대공원 후문주차장,광진구 능동로 216,50,10.52,17분,2021-10-22,16:54,17:11
15751,급속,어린이대공원 후문주차장,광진구 능동로 216,50,21.39,39분,2021-10-22,14:50,15:28
15758,급속,어린이대공원 후문주차장,광진구 능동로 216,50,29.67,41분,2021-10-22,14:05,14:45
15780,급속,어린이대공원 후문주차장,광진구 능동로 216,50,17.04,28분,2021-10-22,12:04,12:31
15793,급속,어린이대공원 후문주차장,광진구 능동로 216,50,22.28,41분,2021-10-22,10:43,11:23
15827,급속,어린이대공원 후문주차장,광진구 능동로 216,50,29.8,41분,2021-10-22,6:53,7:33
15873,급속,어린이대공원 후문주차장,광진구 능동로 216,50,29.29,41분,2021-10-21,21:29,22:09
15887,급속,어린이대공원 후문주차장,광진구 능동로 216,50,17.03,27분,2021-10-21,19:40,20:07
15895,급속,어린이대공원 후문주차장,광진구 능동로 216,50,17.02,35분,2021-10-21,18:56,19:30
15902,급속,어린이대공원 후문주차장,광진구 능동로 216,50,17.06,28분,2021-10-21,18:28,18:55
15903,급속,어린이대공원 후문주차장,광진구 능동로 216,50,0,2분,2021-10-21,18:26,18:27
15910,급속,어린이대공원 후문주차장,광진구 능동로 216,50,15.97,27분,2021-10-21,17:51,18:18
15943,급속,어린이대공원 후문주차장,광진구 능동로 216,50,17.05,26분,2021-10-21,15:40,16:06
15969,급속,어린이대공원 후문주차장,광진구 능동로 216,50,5.53,28분,2021-10-21,13:48,14:16
15995,급속,어린이대공원 후문주차장,광진구 능동로 216,50,12.67,20분,2021-10-21,12:32,12:51
16008,급속,어린이대공원 후문주차장,광진구 능동로 216,50,16.88,31분,2021-10-21,11:11,11:41
16022,급속,어린이대공원 후문주차장,광진구 능동로 216,50,11.23,41분,2021-10-21,9:56,10:36
16025,급속,어린이대공원 후문주차장,광진구 능동로 216,50,23.94,41분,2021-10-21,9:11,9:51
16030,급속,어린이대공원 후문주차장,광진구 능동로 216,50,23.02,39분,2021-10-21,8:14,8:52
16051,급속,어린이대공원 후문주차장,광진구 능동로 216,50,17.05,28분,2021-10-21,0:52,1:19
16101,급속,어린이대공원 후문주차장,광진구 능동로 216,50,17.88,30분,2021-10-20,16:44,17:13
16119,급속,어린이대공원 후문주차장,광진구 능동로 216,50,6.1,33분,2021-10-20,13:39,14:11
16126,급속,어린이대공원 후문주차장,광진구 능동로 216,50,19.72,41분,2021-10-20,12:21,13:01
16134,급속,어린이대공원 후문주차장,광진구 능동로 216,50,29.73,41분,2021-10-20,11:11,11:51
16147,급속,어린이대공원 후문주차장,광진구 능동로 216,50,29.61,41분,2021-10-20,9:32,10:12
16152,급속,어린이대공원 후문주차장,광진구 능동로 216,50,5.8,41분,2021-10-20,8:33,9:13
16154,급속,어린이대공원 후문주차장,광진구 능동로 216,50,11.38,41분,2021-10-20,7:49,8:29
16212,급속,어린이대공원 후문주차장,광진구 능동로 216,50,9.62,16분,2021-10-19,17:15,17:31
16214,급속,어린이대공원 후문주차장,광진구 능동로 216,50,10.15,18분,2021-10-19,16:53,17:10
16222,급속,어린이대공원 후문주차장,광진구 능동로 216,50,0.1,1분,2021-10-19,15:51,15:51
16234,급속,어린이대공원 후문주차장,광진구 능동로 216,50,5.26,21분,2021-10-19,14:54,15:15
16236,급속,어린이대공원 후문주차장,광진구 능동로 216,50,0,1분,2021-10-19,14:53,14:53
16255,급속,어린이대공원 후문주차장,광진구 능동로 216,50,19.03,34분,2021-10-19,13:28,14:01
16336,급속,어린이대공원 후문주차장,광진구 능동로 216,50,27.33,41분,2021-10-18,19:48,20:29
16383,급속,어린이대공원 후문주차장,광진구 능동로 216,50,15.74,26분,2021-10-18,14:41,15:06
16394,급속,어린이대공원 후문주차장,광진구 능동로 216,50,17.04,24분,2021-10-18,13:58,14:21
16476,급속,어린이대공원 후문주차장,광진구 능동로 216,50,0,2분,2021-10-17,21:22,21:24
16508,급속,어린이대공원 후문주차장,광진구 능동로 216,50,5.85,31분,2021-10-17,13:54,14:25
16529,급속,어린이대공원 후문주차장,광진구 능동로 216,50,14.39,41분,2021-10-17,11:16,11:56
16609,급속,어린이대공원 후문주차장,광진구 능동로 216,50,17.56,24분,2021-10-16,15:21,15:45
16610,급속,어린이대공원 후문주차장,광진구 능동로 216,50,0,2분,2021-10-16,15:18,15:20
16614,급속,어린이대공원 후문주차장,광진구 능동로 216,50,7.11,41분,2021-10-16,14:19,14:59
16617,급속,어린이대공원 후문주차장,광진구 능동로 216,50,21.03,41분,2021-10-16,13:38,14:18
16628,급속,어린이대공원 후문주차장,광진구 능동로 216,50,14.12,38분,2021-10-16,11:43,12:21
16632,급속,어린이대공원 후문주차장,광진구 능동로 216,50,17.05,28분,2021-10-16,11:15,11:42
16641,급속,어린이대공원 후문주차장,광진구 능동로 216,50,20.65,39분,2021-10-16,9:41,10:19
16652,급속,어린이대공원 후문주차장,광진구 능동로 216,50,18.4,41분,2021-10-16,7:08,7:48
16686,급속,어린이대공원 후문주차장,광진구 능동로 216,50,29.26,41분,2021-10-15,21:43,22:24
16692,급속,어린이대공원 후문주차장,광진구 능동로 216,50,27.12,41분,2021-10-15,20:59,21:39
16711,급속,어린이대공원 후문주차장,광진구 능동로 216,50,24.29,41분,2021-10-15,17:51,18:31
16732,급속,어린이대공원 후문주차장,광진구 능동로 216,50,7.24,16분,2021-10-15,14:08,14:24
16739,급속,어린이대공원 후문주차장,광진구 능동로 216,50,25.14,41분,2021-10-15,13:27,14:07
16762,급속,어린이대공원 후문주차장,광진구 능동로 216,50,29.56,41분,2021-10-15,6:41,7:21
16830,급속,어린이대공원 후문주차장,광진구 능동로 216,50,24.77,41분,2021-10-14,17:31,18:11
16847,급속,어린이대공원 후문주차장,광진구 능동로 216,50,14.29,33분,2021-10-14,15:02,15:35
16852,급속,어린이대공원 후문주차장,광진구 능동로 216,50,17.02,39분,2021-10-14,14:21,15:00
16899,급속,어린이대공원 후문주차장,광진구 능동로 216,50,17.06,25분,2021-10-14,9:49,10:13
16930,급속,어린이대공원 후문주차장,광진구 능동로 216,50,0.36,2분,2021-10-14,2:18,2:20
16931,급속,어린이대공원 후문주차장,광진구 능동로 216,50,0.82,3분,2021-10-14,2:15,2:17
16932,급속,어린이대공원 후문주차장,광진구 능동로 216,50,4.6,12분,2021-10-14,2:00,2:12
16935,급속,어린이대공원 후문주차장,광진구 능동로 216,50,17.03,30분,2021-10-14,1:27,1:57
16938,급속,어린이대공원 후문주차장,광진구 능동로 216,50,17.06,26분,2021-10-14,0:51,1:17
16962,급속,어린이대공원 후문주차장,광진구 능동로 216,50,14.15,24분,2021-10-13,18:31,18:54
16983,급속,어린이대공원 후문주차장,광진구 능동로 216,50,8.94,25분,2021-10-13,14:35,15:00
17011,급속,어린이대공원 후문주차장,광진구 능동로 216,50,0.91,3분,2021-10-13,10:38,10:40
17013,급속,어린이대공원 후문주차장,광진구 능동로 216,50,0,1분,2021-10-13,10:27,10:28
17018,급속,어린이대공원 후문주차장,광진구 능동로 216,50,26.74,41분,2021-10-13,9:45,10:25
17074,급속,어린이대공원 후문주차장,광진구 능동로 216,50,27.09,41분,2021-10-12,19:44,20:24
17084,급속,어린이대공원 후문주차장,광진구 능동로 216,50,25.02,41분,2021-10-12,18:25,19:05
17096,급속,어린이대공원 후문주차장,광진구 능동로 216,50,27.36,41분,2021-10-12,16:31,17:11
17125,급속,어린이대공원 후문주차장,광진구 능동로 216,50,17.04,37분,2021-10-12,14:20,14:57
17128,급속,어린이대공원 후문주차장,광진구 능동로 216,50,0,2분,2021-10-12,14:18,14:20
17146,급속,어린이대공원 후문주차장,광진구 능동로 216,50,27.96,41분,2021-10-12,11:34,12:15
17152,급속,어린이대공원 후문주차장,광진구 능동로 216,50,21.56,41분,2021-10-12,10:23,11:03
17263,급속,어린이대공원 후문주차장,광진구 능동로 216,50,19.78,41분,2021-10-11,11:35,12:16
17365,급속,어린이대공원 후문주차장,광진구 능동로 216,50,17.55,41분,2021-10-10,16:13,16:53
17388,급속,어린이대공원 후문주차장,광진구 능동로 216,50,17.04,24분,2021-10-10,12:40,13:03
17423,급속,어린이대공원 후문주차장,광진구 능동로 216,50,17.03,29분,2021-10-10,8:07,8:36
17424,급속,어린이대공원 후문주차장,광진구 능동로 216,50,0,1분,2021-10-10,8:06,8:07
17430,급속,어린이대공원 후문주차장,광진구 능동로 216,50,23.03,36분,2021-10-10,7:26,8:01
17483,급속,어린이대공원 후문주차장,광진구 능동로 216,50,17.05,26분,2021-10-09,20:36,21:01
17490,급속,어린이대공원 후문주차장,광진구 능동로 216,50,0,2분,2021-10-09,19:27,19:28
17543,급속,어린이대공원 후문주차장,광진구 능동로 216,50,26.15,41분,2021-10-09,10:49,11:30
17669,급속,어린이대공원 후문주차장,광진구 능동로 216,50,13.91,22분,2021-10-08,14:59,15:20
17680,급속,어린이대공원 후문주차장,광진구 능동로 216,50,27.43,41분,2021-10-08,13:14,13:54
17702,급속,어린이대공원 후문주차장,광진구 능동로 216,50,17.03,31분,2021-10-08,10:17,10:47
17721,급속,어린이대공원 후문주차장,광진구 능동로 216,50,17.05,28분,2021-10-08,6:46,7:14
17769,급속,어린이대공원 후문주차장,광진구 능동로 216,50,2.75,8분,2021-10-07,21:22,21:30
17839,급속,어린이대공원 후문주차장,광진구 능동로 216,50,17.02,34분,2021-10-07,14:24,14:58
17872,급속,어린이대공원 후문주차장,광진구 능동로 216,50,19.74,34분,2021-10-07,11:34,12:08
17883,급속,어린이대공원 후문주차장,광진구 능동로 216,50,15.27,41분,2021-10-07,10:26,11:06
17906,급속,어린이대공원 후문주차장,광진구 능동로 216,50,29.69,41분,2021-10-07,6:36,7:16
17961,급속,어린이대공원 후문주차장,광진구 능동로 216,50,29.65,41분,2021-10-06,18:54,19:34
17970,급속,어린이대공원 후문주차장,광진구 능동로 216,50,4.13,13분,2021-10-06,17:44,17:56
17979,급속,어린이대공원 후문주차장,광진구 능동로 216,50,21.29,41분,2021-10-06,17:03,17:43
18047,급속,어린이대공원 후문주차장,광진구 능동로 216,50,22.81,37분,2021-10-06,7:55,8:32
18113,급속,어린이대공원 후문주차장,광진구 능동로 216,50,27.29,41분,2021-10-05,18:34,19:14
18124,급속,어린이대공원 후문주차장,광진구 능동로 216,50,20.46,41분,2021-10-05,16:44,17:24
18132,급속,어린이대공원 후문주차장,광진구 능동로 216,50,28.82,41분,2021-10-05,15:56,16:36
18155,급속,어린이대공원 후문주차장,광진구 능동로 216,50,17.03,27분,2021-10-05,13:46,14:12
18180,급속,어린이대공원 후문주차장,광진구 능동로 216,50,23.42,35분,2021-10-05,10:38,11:12
18238,급속,어린이대공원 후문주차장,광진구 능동로 216,50,23.38,41분,2021-10-04,21:01,21:41
18256,급속,어린이대공원 후문주차장,광진구 능동로 216,50,10.59,35분,2021-10-04,17:38,18:12
18263,급속,어린이대공원 후문주차장,광진구 능동로 216,50,17.04,26분,2021-10-04,16:25,16:50
18282,급속,어린이대공원 후문주차장,광진구 능동로 216,50,17.03,28분,2021-10-04,14:08,14:35
18329,급속,어린이대공원 후문주차장,광진구 능동로 216,50,10.94,23분,2021-10-04,7:11,7:34
18334,급속,어린이대공원 후문주차장,광진구 능동로 216,50,27.4,41분,2021-10-04,6:30,7:10
18376,급속,어린이대공원 후문주차장,광진구 능동로 216,50,7.77,11분,2021-10-03,20:42,20:53
18383,급속,어린이대공원 후문주차장,광진구 능동로 216,50,7,11분,2021-10-03,19:24,19:34
18390,급속,어린이대공원 후문주차장,광진구 능동로 216,50,26.5,41분,2021-10-03,18:43,19:23
18510,급속,어린이대공원 후문주차장,광진구 능동로 216,50,27.58,41분,2021-10-02,21:13,21:53
18526,급속,어린이대공원 후문주차장,광진구 능동로 216,50,7.94,19분,2021-10-02,18:36,18:55
18532,급속,어린이대공원 후문주차장,광진구 능동로 216,50,26.08,38분,2021-10-02,17:58,18:36
18563,급속,어린이대공원 후문주차장,광진구 능동로 216,50,8.03,40분,2021-10-02,13:45,14:24
18571,급속,어린이대공원 후문주차장,광진구 능동로 216,50,20.74,41분,2021-10-02,12:23,13:03
18576,급속,어린이대공원 후문주차장,광진구 능동로 216,50,17.01,40분,2021-10-02,11:15,11:54
18658,급속,어린이대공원 후문주차장,광진구 능동로 216,50,16.12,41분,2021-10-01,20:33,21:13
18673,급속,어린이대공원 후문주차장,광진구 능동로 216,50,27.28,41분,2021-10-01,18:12,18:52
18698,급속,어린이대공원 후문주차장,광진구 능동로 216,50,24.37,41분,2021-10-01,15:12,15:52
18702,급속,어린이대공원 후문주차장,광진구 능동로 216,50,17.04,27분,2021-10-01,14:42,15:08
18707,급속,어린이대공원 후문주차장,광진구 능동로 216,50,28.5,41분,2021-10-01,14:01,14:41
18719,급속,어린이대공원 후문주차장,광진구 능동로 216,50,3.55,16분,2021-10-01,12:34,12:50
18739,급속,어린이대공원 후문주차장,광진구 능동로 216,50,29.36,41분,2021-10-01,10:25,11:06
18746,급속,어린이대공원 후문주차장,광진구 능동로 216,50,14.03,20분,2021-10-01,8:55,9:15
18796,급속,어린이대공원 후문주차장,광진구 능동로 216,50,24,35분,2021-10-01,0:00,0:35
18819,급속,어린이대공원 후문주차장,광진구 능동로 216,50,12.42,21분,2021-09-30,21:21,21:41
18830,급속,어린이대공원 후문주차장,광진구 능동로 216,50,24.67,41분,2021-09-30,20:34,21:14
18849,급속,어린이대공원 후문주차장,광진구 능동로 216,50,21.13,41분,2021-09-30,18:47,19:27
18864,급속,어린이대공원 후문주차장,광진구 능동로 216,50,10.48,16분,2021-09-30,16:56,17:12
18878,급속,어린이대공원 후문주차장,광진구 능동로 216,50,17.07,25분,2021-09-30,15:27,15:51
18976,급속,어린이대공원 후문주차장,광진구 능동로 216,50,17.03,37분,2021-09-30,1:16,1:53
18984,급속,어린이대공원 후문주차장,광진구 능동로 216,50,17.04,28분,2021-09-30,0:43,1:10
18993,급속,어린이대공원 후문주차장,광진구 능동로 216,50,15.22,26분,2021-09-29,22:49,23:15
19037,급속,어린이대공원 후문주차장,광진구 능동로 216,50,11.4,36분,2021-09-29,17:08,17:44
19045,급속,어린이대공원 후문주차장,광진구 능동로 216,50,25.19,41분,2021-09-29,16:27,17:07
19069,급속,어린이대공원 후문주차장,광진구 능동로 216,50,6.83,10분,2021-09-29,13:30,13:40
19079,급속,어린이대공원 후문주차장,광진구 능동로 216,50,23.49,41분,2021-09-29,12:32,13:12
19169,급속,어린이대공원 후문주차장,광진구 능동로 216,50,18.91,33분,2021-09-28,16:50,17:22
19177,급속,어린이대공원 후문주차장,광진구 능동로 216,50,13.92,41분,2021-09-28,16:06,16:46
19208,급속,어린이대공원 후문주차장,광진구 능동로 216,50,25.01,40분,2021-09-28,12:38,13:18
19215,급속,어린이대공원 후문주차장,광진구 능동로 216,50,29.71,41분,2021-09-28,11:46,12:26
19248,급속,어린이대공원 후문주차장,광진구 능동로 216,50,29.66,41분,2021-09-28,6:27,7:07
19267,급속,어린이대공원 후문주차장,광진구 능동로 216,50,0.71,3분,2021-09-28,1:32,1:34
19268,급속,어린이대공원 후문주차장,광진구 능동로 216,50,2.93,9분,2021-09-28,1:22,1:30
19271,급속,어린이대공원 후문주차장,광진구 능동로 216,50,17.02,31분,2021-09-28,0:50,1:20
19273,급속,어린이대공원 후문주차장,광진구 능동로 216,50,17.05,26분,2021-09-28,0:23,0:48
19312,급속,어린이대공원 후문주차장,광진구 능동로 216,50,24.81,41분,2021-09-27,18:52,19:32
19335,급속,어린이대공원 후문주차장,광진구 능동로 216,50,14.06,41분,2021-09-27,16:24,17:04
19343,급속,어린이대공원 후문주차장,광진구 능동로 216,50,17.73,32분,2021-09-27,15:42,16:13
19362,급속,어린이대공원 후문주차장,광진구 능동로 216,50,12.49,19분,2021-09-27,13:47,14:06
19384,급속,어린이대공원 후문주차장,광진구 능동로 216,50,14.22,30분,2021-09-27,11:03,11:32
19400,급속,어린이대공원 후문주차장,광진구 능동로 216,50,20.03,32분,2021-09-27,6:35,7:07
19467,급속,어린이대공원 후문주차장,광진구 능동로 216,50,25.86,41분,2021-09-26,17:08,17:48
19516,급속,어린이대공원 후문주차장,광진구 능동로 216,50,18.71,27분,2021-09-26,10:10,10:37
19519,급속,어린이대공원 후문주차장,광진구 능동로 216,50,7.38,12분,2021-09-26,9:58,10:09
19538,급속,어린이대공원 후문주차장,광진구 능동로 216,50,29.64,41분,2021-09-26,6:46,7:26
19563,급속,어린이대공원 후문주차장,광진구 능동로 216,50,22.76,34분,2021-09-25,22:12,22:46
19566,급속,어린이대공원 후문주차장,광진구 능동로 216,50,29.67,41분,2021-09-25,21:31,22:11
19571,급속,어린이대공원 후문주차장,광진구 능동로 216,50,19.59,41분,2021-09-25,20:48,21:28
19596,급속,어린이대공원 후문주차장,광진구 능동로 216,50,16.94,41분,2021-09-25,16:22,17:03
19643,급속,어린이대공원 후문주차장,광진구 능동로 216,50,29.7,41분,2021-09-25,10:22,11:02
19706,급속,어린이대공원 후문주차장,광진구 능동로 216,50,10.05,20분,2021-09-24,18:36,18:55
19709,급속,어린이대공원 후문주차장,광진구 능동로 216,50,10.05,14분,2021-09-24,18:21,18:35
19734,급속,어린이대공원 후문주차장,광진구 능동로 216,50,23.03,41분,2021-09-24,14:51,15:31
19745,급속,어린이대공원 후문주차장,광진구 능동로 216,50,29.44,41분,2021-09-24,13:38,14:18
19781,급속,어린이대공원 후문주차장,광진구 능동로 216,50,1.75,4분,2021-09-24,9:11,9:14
19866,급속,어린이대공원 후문주차장,광진구 능동로 216,50,23.72,41분,2021-09-23,18:02,18:42
19883,급속,어린이대공원 후문주차장,광진구 능동로 216,50,11.37,41분,2021-09-23,16:38,17:18
19884,급속,어린이대공원 후문주차장,광진구 능동로 216,50,0,2분,2021-09-23,16:31,16:32
19885,급속,어린이대공원 후문주차장,광진구 능동로 216,50,0,2분,2021-09-23,16:25,16:26
19886,급속,어린이대공원 후문주차장,광진구 능동로 216,50,0,2분,2021-09-23,16:22,16:24
19888,급속,어린이대공원 후문주차장,광진구 능동로 216,50,0,2분,2021-09-23,16:19,16:21
19895,급속,어린이대공원 후문주차장,광진구 능동로 216,50,0,2분,2021-09-23,15:38,15:39
19904,급속,어린이대공원 후문주차장,광진구 능동로 216,50,0,2분,2021-09-23,15:13,15:15
19908,급속,어린이대공원 후문주차장,광진구 능동로 216,50,24.82,41분,2021-09-23,14:28,15:08
19943,급속,어린이대공원 후문주차장,광진구 능동로 216,50,14.8,28분,2021-09-23,10:51,11:18
19993,급속,어린이대공원 후문주차장,광진구 능동로 216,50,12.58,41분,2021-09-23,1:06,1:46
19998,급속,어린이대공원 후문주차장,광진구 능동로 216,50,25.04,41분,2021-09-23,0:25,1:05
20013,급속,어린이대공원 후문주차장,광진구 능동로 216,50,12.75,25분,2021-09-22,22:04,22:28
20019,급속,어린이대공원 후문주차장,광진구 능동로 216,50,24.85,41분,2021-09-22,21:23,22:03
20061,급속,어린이대공원 후문주차장,광진구 능동로 216,50,27.58,41분,2021-09-22,13:30,14:10
20078,급속,어린이대공원 후문주차장,광진구 능동로 216,50,6.48,13분,2021-09-22,9:33,9:46
20090,급속,어린이대공원 후문주차장,광진구 능동로 216,50,29.57,41분,2021-09-22,6:54,7:34
20107,급속,어린이대공원 후문주차장,광진구 능동로 216,50,6.88,12분,2021-09-22,3:09,3:20
20139,급속,어린이대공원 후문주차장,광진구 능동로 216,50,2.98,9분,2021-09-21,19:42,19:50
20140,급속,어린이대공원 후문주차장,광진구 능동로 216,50,0,1분,2021-09-21,19:41,19:41
20144,급속,어린이대공원 후문주차장,광진구 능동로 216,50,21.91,41분,2021-09-21,19:00,19:40
20325,급속,어린이대공원 후문주차장,광진구 능동로 216,50,6.45,16분,2021-09-20,7:18,7:33
20331,급속,어린이대공원 후문주차장,광진구 능동로 216,50,27.58,41분,2021-09-20,6:37,7:17
20339,급속,어린이대공원 후문주차장,광진구 능동로 216,50,17.05,27분,2021-09-20,4:02,4:29
20354,급속,어린이대공원 후문주차장,광진구 능동로 216,50,14.65,41분,2021-09-20,0:41,1:21
20387,급속,어린이대공원 후문주차장,광진구 능동로 216,50,27.12,41분,2021-09-19,18:49,19:29
20419,급속,어린이대공원 후문주차장,광진구 능동로 216,50,29.81,41분,2021-09-19,13:46,14:26
20466,급속,어린이대공원 후문주차장,광진구 능동로 216,50,29.68,41분,2021-09-19,6:45,7:25
20504,급속,어린이대공원 후문주차장,광진구 능동로 216,50,27.07,41분,2021-09-18,21:43,22:24
20528,급속,어린이대공원 후문주차장,광진구 능동로 216,50,13.75,41분,2021-09-18,17:35,18:15
20534,급속,어린이대공원 후문주차장,광진구 능동로 216,50,12.68,38분,2021-09-18,16:35,17:13
20560,급속,어린이대공원 후문주차장,광진구 능동로 216,50,1.96,4분,2021-09-18,12:41,12:44
20561,급속,어린이대공원 후문주차장,광진구 능동로 216,50,0.11,1분,2021-09-18,12:40,12:40
20562,급속,어린이대공원 후문주차장,광진구 능동로 216,50,3.1,6분,2021-09-18,12:33,12:38
20583,급속,어린이대공원 후문주차장,광진구 능동로 216,50,25.43,41분,2021-09-18,7:42,8:22
20630,급속,어린이대공원 후문주차장,광진구 능동로 216,50,21.26,41분,2021-09-17,22:54,23:34
20639,급속,어린이대공원 후문주차장,광진구 능동로 216,50,27.4,41분,2021-09-17,22:03,22:43
20646,급속,어린이대공원 후문주차장,광진구 능동로 216,50,8.51,30분,2021-09-17,20:23,20:52
20650,급속,어린이대공원 후문주차장,광진구 능동로 216,50,25.9,41분,2021-09-17,19:29,20:09
20660,급속,어린이대공원 후문주차장,광진구 능동로 216,50,4.49,10분,2021-09-17,18:25,18:35
20661,급속,어린이대공원 후문주차장,광진구 능동로 216,50,0,1분,2021-09-17,18:24,18:24
20662,급속,어린이대공원 후문주차장,광진구 능동로 216,50,0,1분,2021-09-17,18:23,18:23
20664,급속,어린이대공원 후문주차장,광진구 능동로 216,50,0,2분,2021-09-17,18:22,18:23
20681,급속,어린이대공원 후문주차장,광진구 능동로 216,50,15.97,24분,2021-09-17,16:18,16:42
20717,급속,어린이대공원 후문주차장,광진구 능동로 216,50,25.33,41분,2021-09-17,12:02,12:42
20723,급속,어린이대공원 후문주차장,광진구 능동로 216,50,22.74,41분,2021-09-17,11:08,11:48
20732,급속,어린이대공원 후문주차장,광진구 능동로 216,50,29.6,41분,2021-09-17,10:12,10:52
20733,급속,어린이대공원 후문주차장,광진구 능동로 216,50,0,1분,2021-09-17,10:09,10:10
20742,급속,어린이대공원 후문주차장,광진구 능동로 216,50,15.83,25분,2021-09-17,8:47,9:12
20777,급속,어린이대공원 후문주차장,광진구 능동로 216,50,17.03,28분,2021-09-17,0:46,1:13
20778,급속,어린이대공원 후문주차장,광진구 능동로 216,50,0,1분,2021-09-17,0:44,0:44
20779,급속,어린이대공원 후문주차장,광진구 능동로 216,50,0,2분,2021-09-17,0:42,0:43
20793,급속,어린이대공원 후문주차장,광진구 능동로 216,50,7.24,13분,2021-09-16,22:06,22:18
20801,급속,어린이대공원 후문주차장,광진구 능동로 216,50,24.9,41분,2021-09-16,21:25,22:05
20860,급속,어린이대공원 후문주차장,광진구 능동로 216,50,15.78,41분,2021-09-16,17:16,17:56
20867,급속,어린이대공원 후문주차장,광진구 능동로 216,50,25.11,41분,2021-09-16,16:35,17:15
20888,급속,어린이대공원 후문주차장,광진구 능동로 216,50,17.02,40분,2021-09-16,15:10,15:49
20890,급속,어린이대공원 후문주차장,광진구 능동로 216,50,0,1분,2021-09-16,15:09,15:09
20930,급속,어린이대공원 후문주차장,광진구 능동로 216,50,15.68,33분,2021-09-16,9:48,10:20
21002,급속,어린이대공원 후문주차장,광진구 능동로 216,50,0,2분,2021-09-15,20:40,20:41
21003,급속,어린이대공원 후문주차장,광진구 능동로 216,50,0,1분,2021-09-15,20:39,20:39
21008,급속,어린이대공원 후문주차장,광진구 능동로 216,50,0,2분,2021-09-15,20:24,20:26
21044,급속,어린이대공원 후문주차장,광진구 능동로 216,50,14.74,23분,2021-09-15,15:44,16:07
21045,급속,어린이대공원 후문주차장,광진구 능동로 216,50,0,2분,2021-09-15,15:41,15:43
21073,급속,어린이대공원 후문주차장,광진구 능동로 216,50,20.34,39분,2021-09-15,12:42,13:21
21080,급속,어린이대공원 후문주차장,광진구 능동로 216,50,24.84,35분,2021-09-15,12:05,12:40
21086,급속,어린이대공원 후문주차장,광진구 능동로 216,50,22.16,40분,2021-09-15,11:20,12:00
21090,급속,어린이대공원 후문주차장,광진구 능동로 216,50,15.97,35분,2021-09-15,10:45,11:20
21149,급속,어린이대공원 후문주차장,광진구 능동로 216,50,22.06,33분,2021-09-14,23:02,23:34
21158,급속,어린이대공원 후문주차장,광진구 능동로 216,50,26.92,41분,2021-09-14,21:55,22:35
21164,급속,어린이대공원 후문주차장,광진구 능동로 216,50,18.03,37분,2021-09-14,21:15,21:52
21179,급속,어린이대공원 후문주차장,광진구 능동로 216,50,17.04,28분,2021-09-14,19:01,19:29
21187,급속,어린이대공원 후문주차장,광진구 능동로 216,50,17.05,25분,2021-09-14,17:44,18:08
21235,급속,어린이대공원 후문주차장,광진구 능동로 216,50,17.02,36분,2021-09-14,12:21,12:56
21244,급속,어린이대공원 후문주차장,광진구 능동로 216,50,27.29,41분,2021-09-14,11:38,12:19
21257,급속,어린이대공원 후문주차장,광진구 능동로 216,50,8.01,17분,2021-09-14,10:18,10:35
21262,급속,어린이대공원 후문주차장,광진구 능동로 216,50,17.06,28분,2021-09-14,9:50,10:17
21273,급속,어린이대공원 후문주차장,광진구 능동로 216,50,14.53,41분,2021-09-14,8:05,8:46
21358,급속,어린이대공원 후문주차장,광진구 능동로 216,50,3.1,12분,2021-09-13,18:49,19:00
21366,급속,어린이대공원 후문주차장,광진구 능동로 216,50,19.81,41분,2021-09-13,18:08,18:48
21377,급속,어린이대공원 후문주차장,광진구 능동로 216,50,20.02,38분,2021-09-13,17:07,17:44
21412,급속,어린이대공원 후문주차장,광진구 능동로 216,50,28.35,41분,2021-09-13,13:05,13:45
21433,급속,어린이대공원 후문주차장,광진구 능동로 216,50,18.26,41분,2021-09-13,10:35,11:15
21443,급속,어린이대공원 후문주차장,광진구 능동로 216,50,11.27,41분,2021-09-13,8:20,9:00
21453,급속,어린이대공원 후문주차장,광진구 능동로 216,50,17.03,36분,2021-09-13,6:42,7:18
21477,급속,어린이대공원 후문주차장,광진구 능동로 216,50,17.02,28분,2021-09-13,0:50,1:18
21478,급속,어린이대공원 후문주차장,광진구 능동로 216,50,0,1분,2021-09-13,0:47,0:48
21485,급속,어린이대공원 후문주차장,광진구 능동로 216,50,10.98,37분,2021-09-12,23:10,23:47
21487,급속,어린이대공원 후문주차장,광진구 능동로 216,50,22.18,36분,2021-09-12,22:34,23:10
21511,급속,어린이대공원 후문주차장,광진구 능동로 216,50,4.14,11분,2021-09-12,19:10,19:20
21515,급속,어린이대공원 후문주차장,광진구 능동로 216,50,17.05,27분,2021-09-12,18:42,19:08
21522,급속,어린이대공원 후문주차장,광진구 능동로 216,50,28.45,41분,2021-09-12,17:50,18:30
21539,급속,어린이대공원 후문주차장,광진구 능동로 216,50,22.26,34분,2021-09-12,14:23,14:57
21541,급속,어린이대공원 후문주차장,광진구 능동로 216,50,0,1분,2021-09-12,14:17,14:17
21543,급속,어린이대공원 후문주차장,광진구 능동로 216,50,0,1분,2021-09-12,14:15,14:15
21544,급속,어린이대공원 후문주차장,광진구 능동로 216,50,0,2분,2021-09-12,14:13,14:14
21559,급속,어린이대공원 후문주차장,광진구 능동로 216,50,17.02,30분,2021-09-12,12:13,12:42
21608,급속,어린이대공원 후문주차장,광진구 능동로 216,50,6.48,32분,2021-09-12,0:53,1:25
21611,급속,어린이대공원 후문주차장,광진구 능동로 216,50,22.02,41분,2021-09-12,0:10,0:50
21629,급속,어린이대공원 후문주차장,광진구 능동로 216,50,25.91,41분,2021-09-11,20:26,21:06
21690,급속,어린이대공원 후문주차장,광진구 능동로 216,50,23.32,41분,2021-09-11,10:52,11:32
21750,급속,어린이대공원 후문주차장,광진구 능동로 216,50,15.55,23분,2021-09-10,21:50,22:12
21760,급속,어린이대공원 후문주차장,광진구 능동로 216,50,29.29,41분,2021-09-10,21:08,21:48
21789,급속,어린이대공원 후문주차장,광진구 능동로 216,50,2.85,10분,2021-09-10,17:37,17:46
21799,급속,어린이대공원 후문주차장,광진구 능동로 216,50,20.96,41분,2021-09-10,16:56,17:36
21814,급속,어린이대공원 후문주차장,광진구 능동로 216,50,20.64,35분,2021-09-10,15:50,16:24
21837,급속,어린이대공원 후문주차장,광진구 능동로 216,50,18.07,32분,2021-09-10,14:45,15:17
21849,급속,어린이대공원 후문주차장,광진구 능동로 216,50,17.04,32분,2021-09-10,13:19,13:50
21853,급속,어린이대공원 후문주차장,광진구 능동로 216,50,0,1분,2021-09-10,13:16,13:17
21854,급속,어린이대공원 후문주차장,광진구 능동로 216,50,0,2분,2021-09-10,13:13,13:15
21861,급속,어린이대공원 후문주차장,광진구 능동로 216,50,25.09,41분,2021-09-10,12:26,13:06
21924,급속,어린이대공원 후문주차장,광진구 능동로 216,50,15.75,41분,2021-09-10,1:42,2:22
21954,급속,어린이대공원 후문주차장,광진구 능동로 216,50,17.35,41분,2021-09-09,20:48,21:28
21970,급속,어린이대공원 후문주차장,광진구 능동로 216,50,24.06,39분,2021-09-09,18:29,19:07
21984,급속,어린이대공원 후문주차장,광진구 능동로 216,50,23.2,35분,2021-09-09,16:59,17:34
21990,급속,어린이대공원 후문주차장,광진구 능동로 216,50,4.08,7분,2021-09-09,16:34,16:40
22016,급속,어린이대공원 후문주차장,광진구 능동로 216,50,0.97,2분,2021-09-09,14:45,14:47
22020,급속,어린이대공원 후문주차장,광진구 능동로 216,50,17.04,27분,2021-09-09,14:17,14:44
22025,급속,어린이대공원 후문주차장,광진구 능동로 216,50,28.27,41분,2021-09-09,13:36,14:16
22043,급속,어린이대공원 후문주차장,광진구 능동로 216,50,21.62,37분,2021-09-09,11:51,12:27
22056,급속,어린이대공원 후문주차장,광진구 능동로 216,50,3.5,102분,2021-09-09,10:08,11:50
22061,급속,어린이대공원 후문주차장,광진구 능동로 216,50,8.08,41분,2021-09-09,9:14,9:54
22111,급속,어린이대공원 후문주차장,광진구 능동로 216,50,15.73,41분,2021-09-08,23:52,0:32
22117,급속,어린이대공원 후문주차장,광진구 능동로 216,50,9.56,29분,2021-09-08,23:21,23:50
22121,급속,어린이대공원 후문주차장,광진구 능동로 216,50,25.63,41분,2021-09-08,22:39,23:19
22149,급속,어린이대공원 후문주차장,광진구 능동로 216,50,2.96,10분,2021-09-08,19:33,19:43
22153,급속,어린이대공원 후문주차장,광진구 능동로 216,50,20.06,41분,2021-09-08,18:51,19:31
22198,급속,어린이대공원 후문주차장,광진구 능동로 216,50,16.44,29분,2021-09-08,14:34,15:03
22270,급속,어린이대공원 후문주차장,광진구 능동로 216,50,15.42,35분,2021-09-08,2:15,2:50
22273,급속,어린이대공원 후문주차장,광진구 능동로 216,50,27.48,41분,2021-09-08,1:34,2:15
22277,급속,어린이대공원 후문주차장,광진구 능동로 216,50,17.02,28분,2021-09-08,1:03,1:30
22279,급속,어린이대공원 후문주차장,광진구 능동로 216,50,17.04,26분,2021-09-08,0:36,1:02
22287,급속,어린이대공원 후문주차장,광진구 능동로 216,50,7.98,16분,2021-09-07,23:40,23:56
22291,급속,어린이대공원 후문주차장,광진구 능동로 216,50,25.04,41분,2021-09-07,22:59,23:39
22303,급속,어린이대공원 후문주차장,광진구 능동로 216,50,0,1분,2021-09-07,20:28,20:28
22306,급속,어린이대공원 후문주차장,광진구 능동로 216,50,0,1분,2021-09-07,20:14,20:14
22307,급속,어린이대공원 후문주차장,광진구 능동로 216,50,0,1분,2021-09-07,20:12,20:13
22308,급속,어린이대공원 후문주차장,광진구 능동로 216,50,0,1분,2021-09-07,20:12,20:12
22309,급속,어린이대공원 후문주차장,광진구 능동로 216,50,0,1분,2021-09-07,20:10,20:11
22344,급속,어린이대공원 후문주차장,광진구 능동로 216,50,8.6,41분,2021-09-07,14:46,15:26
22424,급속,어린이대공원 후문주차장,광진구 능동로 216,50,26.64,41분,2021-09-07,0:01,0:41
22468,급속,어린이대공원 후문주차장,광진구 능동로 216,50,27.39,41분,2021-09-06,15:31,16:11
22476,급속,어린이대공원 후문주차장,광진구 능동로 216,50,28.73,41분,2021-09-06,14:44,15:24
22503,급속,어린이대공원 후문주차장,광진구 능동로 216,50,26.94,41분,2021-09-06,12:24,13:04
22510,급속,어린이대공원 후문주차장,광진구 능동로 216,50,9.89,20분,2021-09-06,12:02,12:22
22541,급속,어린이대공원 후문주차장,광진구 능동로 216,50,17.03,32분,2021-09-06,6:41,7:12
22561,급속,어린이대공원 후문주차장,광진구 능동로 216,50,9.97,26분,2021-09-06,0:03,0:29
22586,급속,어린이대공원 후문주차장,광진구 능동로 216,50,27.06,41분,2021-09-05,18:51,19:31
22594,급속,어린이대공원 후문주차장,광진구 능동로 216,50,22.5,41분,2021-09-05,17:22,18:02
22643,급속,어린이대공원 후문주차장,광진구 능동로 216,50,27.54,41분,2021-09-05,8:16,8:56
22651,급속,어린이대공원 후문주차장,광진구 능동로 216,50,29.61,41분,2021-09-05,6:39,7:19
22695,급속,어린이대공원 후문주차장,광진구 능동로 216,50,25.74,36분,2021-09-04,20:05,20:41
22768,급속,어린이대공원 후문주차장,광진구 능동로 216,50,29.37,41분,2021-09-04,9:33,10:13
22837,급속,어린이대공원 후문주차장,광진구 능동로 216,50,23.53,41분,2021-09-03,18:28,19:08
22844,급속,어린이대공원 후문주차장,광진구 능동로 216,50,13.81,41분,2021-09-03,17:43,18:24
22974,급속,어린이대공원 후문주차장,광진구 능동로 216,50,29.65,41분,2021-09-02,23:00,23:40
22975,급속,어린이대공원 후문주차장,광진구 능동로 216,50,0,2분,2021-09-02,22:57,22:59
23011,급속,어린이대공원 후문주차장,광진구 능동로 216,50,24.33,41분,2021-09-02,19:04,19:44
23020,급속,어린이대공원 후문주차장,광진구 능동로 216,50,19.78,41분,2021-09-02,18:18,18:58
23021,급속,어린이대공원 후문주차장,광진구 능동로 216,50,0,1분,2021-09-02,18:15,18:16
23022,급속,어린이대공원 후문주차장,광진구 능동로 216,50,0,1분,2021-09-02,18:13,18:13
23033,급속,어린이대공원 후문주차장,광진구 능동로 216,50,24.74,41분,2021-09-02,17:31,18:11
23069,급속,어린이대공원 후문주차장,광진구 능동로 216,50,13.48,25분,2021-09-02,14:47,15:11
23078,급속,어린이대공원 후문주차장,광진구 능동로 216,50,27.46,41분,2021-09-02,13:38,14:18
23109,급속,어린이대공원 후문주차장,광진구 능동로 216,50,16.24,41분,2021-09-02,11:04,11:44
23128,급속,어린이대공원 후문주차장,광진구 능동로 216,50,17.02,31분,2021-09-02,10:12,10:43
23163,급속,어린이대공원 후문주차장,광진구 능동로 216,50,19.13,41분,2021-09-02,1:13,1:53
23202,급속,어린이대공원 후문주차장,광진구 능동로 216,50,27.3,41분,2021-09-01,20:00,20:40
23241,급속,어린이대공원 후문주차장,광진구 능동로 216,50,11.38,41분,2021-09-01,16:07,16:47
23250,급속,어린이대공원 후문주차장,광진구 능동로 216,50,20.02,34분,2021-09-01,15:31,16:04
23264,급속,어린이대공원 후문주차장,광진구 능동로 216,50,0.43,2분,2021-09-01,13:57,13:58
23292,급속,어린이대공원 후문주차장,광진구 능동로 216,50,17.02,33분,2021-09-01,11:12,11:44
23364,급속,어린이대공원 후문주차장,광진구 능동로 216,50,15.28,41분,2021-08-31,21:57,22:37
23367,급속,어린이대공원 후문주차장,광진구 능동로 216,50,20.34,28분,2021-08-31,21:22,21:49
23370,급속,어린이대공원 후문주차장,광진구 능동로 216,50,0,2분,2021-08-31,21:08,21:10
23433,급속,어린이대공원 후문주차장,광진구 능동로 216,50,9.45,15분,2021-08-31,13:17,13:32
23455,급속,어린이대공원 후문주차장,광진구 능동로 216,50,17.03,31분,2021-08-31,11:08,11:39
23762,급속,어린이대공원 후문주차장,광진구 능동로 216,50,0,2분,2021-08-29,12:18,12:19
23763,급속,어린이대공원 후문주차장,광진구 능동로 216,50,0,1분,2021-08-29,12:16,12:17
23790,급속,어린이대공원 후문주차장,광진구 능동로 216,50,18.16,41분,2021-08-29,8:22,9:02
23876,급속,어린이대공원 후문주차장,광진구 능동로 216,50,18.18,34분,2021-08-28,14:35,15:09
23912,급속,어린이대공원 후문주차장,광진구 능동로 216,50,28.28,41분,2021-08-28,11:00,11:40
23925,급속,어린이대공원 후문주차장,광진구 능동로 216,50,17.05,25분,2021-08-28,9:05,9:30
23935,급속,어린이대공원 후문주차장,광진구 능동로 216,50,17.02,32분,2021-08-28,7:25,7:56
23978,급속,어린이대공원 후문주차장,광진구 능동로 216,50,8.34,455분,2021-08-27,23:47,7:22
23981,급속,어린이대공원 후문주차장,광진구 능동로 216,50,17.02,31분,2021-08-27,23:16,23:47
23986,급속,어린이대공원 후문주차장,광진구 능동로 216,50,24.51,41분,2021-08-27,22:35,23:15
23992,급속,어린이대공원 후문주차장,광진구 능동로 216,50,25.71,41분,2021-08-27,21:41,22:22
24005,급속,어린이대공원 후문주차장,광진구 능동로 216,50,0,1분,2021-08-27,20:24,20:24
24012,급속,어린이대공원 후문주차장,광진구 능동로 216,50,27.28,41분,2021-08-27,19:39,20:19
24073,급속,어린이대공원 후문주차장,광진구 능동로 216,50,25.69,41분,2021-08-27,14:58,15:38
24080,급속,어린이대공원 후문주차장,광진구 능동로 216,50,17.04,27분,2021-08-27,14:16,14:43
24119,급속,어린이대공원 후문주차장,광진구 능동로 216,50,29.49,41분,2021-08-27,10:30,11:10
24171,급속,어린이대공원 후문주차장,광진구 능동로 216,50,17.26,41분,2021-08-27,2:49,3:29
24174,급속,어린이대공원 후문주차장,광진구 능동로 216,50,12.17,18분,2021-08-27,2:30,2:48
24262,급속,어린이대공원 후문주차장,광진구 능동로 216,50,22.19,39분,2021-08-26,16:56,17:35
24324,급속,어린이대공원 후문주차장,광진구 능동로 216,50,19.56,34분,2021-08-26,9:42,10:16
24374,급속,어린이대공원 후문주차장,광진구 능동로 216,50,17.61,41분,2021-08-25,22:45,23:25
24379,급속,어린이대공원 후문주차장,광진구 능동로 216,50,27.22,41분,2021-08-25,22:04,22:44
24411,급속,어린이대공원 후문주차장,광진구 능동로 216,50,26.8,41분,2021-08-25,18:06,18:46
24431,급속,어린이대공원 후문주차장,광진구 능동로 216,50,10.63,30분,2021-08-25,16:12,16:42
24440,급속,어린이대공원 후문주차장,광진구 능동로 216,50,24.81,41분,2021-08-25,15:30,16:10
24449,급속,어린이대공원 후문주차장,광진구 능동로 216,50,10.29,41분,2021-08-25,14:46,15:26
24450,급속,어린이대공원 후문주차장,광진구 능동로 216,50,0,2분,2021-08-25,14:44,14:45
24454,급속,어린이대공원 후문주차장,광진구 능동로 216,50,20.02,36분,2021-08-25,14:05,14:41
24518,급속,어린이대공원 후문주차장,광진구 능동로 216,50,20.46,41분,2021-08-25,1:38,2:18
24522,급속,어린이대공원 후문주차장,광진구 능동로 216,50,27.09,41분,2021-08-25,0:56,1:37
24528,급속,어린이대공원 후문주차장,광진구 능동로 216,50,9.97,36분,2021-08-24,23:28,0:04
24535,급속,어린이대공원 후문주차장,광진구 능동로 216,50,24.47,41분,2021-08-24,22:47,23:27
24549,급속,어린이대공원 후문주차장,광진구 능동로 216,50,21.41,37분,2021-08-24,20:00,20:36
24571,급속,어린이대공원 후문주차장,광진구 능동로 216,50,17.03,27분,2021-08-24,17:25,17:51
24607,급속,어린이대공원 후문주차장,광진구 능동로 216,50,17.04,27분,2021-08-24,14:10,14:37
24663,급속,어린이대공원 후문주차장,광진구 능동로 216,50,13.49,30분,2021-08-24,8:19,8:48
24664,급속,어린이대공원 후문주차장,광진구 능동로 216,50,0,1분,2021-08-24,8:18,8:18
24668,급속,어린이대공원 후문주차장,광진구 능동로 216,50,29.71,41분,2021-08-24,7:37,8:17
24677,급속,어린이대공원 후문주차장,광진구 능동로 216,50,16.29,41분,2021-08-24,6:23,7:03
24692,급속,어린이대공원 후문주차장,광진구 능동로 216,50,13.68,41분,2021-08-24,1:13,1:53
24696,급속,어린이대공원 후문주차장,광진구 능동로 216,50,27.72,41분,2021-08-24,0:31,1:11
24708,급속,어린이대공원 후문주차장,광진구 능동로 216,50,27.46,41분,2021-08-23,22:07,22:47
24784,급속,어린이대공원 후문주차장,광진구 능동로 216,50,28.09,41분,2021-08-23,13:10,13:50
24801,급속,어린이대공원 후문주차장,광진구 능동로 216,50,16.68,41분,2021-08-23,10:48,11:28
24890,급속,어린이대공원 후문주차장,광진구 능동로 216,50,23.02,34분,2021-08-22,13:53,14:27
24931,급속,어린이대공원 후문주차장,광진구 능동로 216,50,17.02,31분,2021-08-22,7:34,8:05
24942,급속,어린이대공원 후문주차장,광진구 능동로 216,50,16.2,41분,2021-08-22,1:33,2:13
24945,급속,어린이대공원 후문주차장,광진구 능동로 216,50,27.57,41분,2021-08-22,0:51,1:31
24965,급속,어린이대공원 후문주차장,광진구 능동로 216,50,3.53,19분,2021-08-21,18:52,19:11
24971,급속,어린이대공원 후문주차장,광진구 능동로 216,50,17.02,38분,2021-08-21,18:07,18:45
24989,급속,어린이대공원 후문주차장,광진구 능동로 216,50,0,2분,2021-08-21,16:46,16:47
25010,급속,어린이대공원 후문주차장,광진구 능동로 216,50,23.06,35분,2021-08-21,14:48,15:23
25078,급속,어린이대공원 후문주차장,광진구 능동로 216,50,19.04,41분,2021-08-21,2:01,2:41
25097,급속,어린이대공원 후문주차장,광진구 능동로 216,50,29.43,41분,2021-08-20,22:43,23:23
25100,급속,어린이대공원 후문주차장,광진구 능동로 216,50,0,2분,2021-08-20,22:40,22:41
25119,급속,어린이대공원 후문주차장,광진구 능동로 216,50,6.55,21분,2021-08-20,20:14,20:34
25126,급속,어린이대공원 후문주차장,광진구 능동로 216,50,22.85,41분,2021-08-20,19:33,20:13
25159,급속,어린이대공원 후문주차장,광진구 능동로 216,50,16.64,24분,2021-08-20,15:38,16:02
25182,급속,어린이대공원 후문주차장,광진구 능동로 216,50,25.68,41분,2021-08-20,12:06,12:46
25186,급속,어린이대공원 후문주차장,광진구 능동로 216,50,23.05,36분,2021-08-20,11:12,11:48
25201,급속,어린이대공원 후문주차장,광진구 능동로 216,50,12.12,41분,2021-08-20,1:42,2:22
25204,급속,어린이대공원 후문주차장,광진구 능동로 216,50,26.71,41분,2021-08-20,0:56,1:36
25208,급속,어린이대공원 후문주차장,광진구 능동로 216,50,24.27,41분,2021-08-19,23:32,0:12
25233,급속,어린이대공원 후문주차장,광진구 능동로 216,50,25.08,41분,2021-08-19,19:03,19:43
25272,급속,어린이대공원 후문주차장,광진구 능동로 216,50,28.34,41분,2021-08-19,13:30,14:10
25293,급속,어린이대공원 후문주차장,광진구 능동로 216,50,19.63,34분,2021-08-19,11:06,11:40
25324,급속,어린이대공원 후문주차장,광진구 능동로 216,50,12.09,41분,2021-08-19,0:38,1:18
25329,급속,어린이대공원 후문주차장,광진구 능동로 216,50,26.68,41분,2021-08-18,23:57,0:37
25366,급속,어린이대공원 후문주차장,광진구 능동로 216,50,20.05,30분,2021-08-18,17:43,18:12
25391,급속,어린이대공원 후문주차장,광진구 능동로 216,50,20.64,41분,2021-08-18,15:10,15:50
25398,급속,어린이대공원 후문주차장,광진구 능동로 216,50,0,2분,2021-08-18,14:03,14:04
25406,급속,어린이대공원 후문주차장,광진구 능동로 216,50,11.42,40분,2021-08-18,13:21,14:00
25419,급속,어린이대공원 후문주차장,광진구 능동로 216,50,17.02,29분,2021-08-18,11:16,11:44
25423,급속,어린이대공원 후문주차장,광진구 능동로 216,50,17.06,26분,2021-08-18,10:36,11:01
25464,급속,어린이대공원 후문주차장,광진구 능동로 216,50,11.52,41분,2021-08-18,0:23,1:03
25465,급속,어린이대공원 후문주차장,광진구 능동로 216,50,0,1분,2021-08-18,0:22,0:22
25468,급속,어린이대공원 후문주차장,광진구 능동로 216,50,25.88,41분,2021-08-17,23:40,0:20
25472,급속,어린이대공원 후문주차장,광진구 능동로 216,50,4.87,80분,2021-08-17,22:19,23:39
25476,급속,어린이대공원 후문주차장,광진구 능동로 216,50,17.02,36분,2021-08-17,21:43,22:18
25480,급속,어린이대공원 후문주차장,광진구 능동로 216,50,24.79,41분,2021-08-17,21:01,21:41
25493,급속,어린이대공원 후문주차장,광진구 능동로 216,50,17.03,34분,2021-08-17,18:09,18:43
25496,급속,어린이대공원 후문주차장,광진구 능동로 216,50,24.56,41분,2021-08-17,17:28,18:08
25512,급속,어린이대공원 후문주차장,광진구 능동로 216,50,17.09,27분,2021-08-17,14:36,15:02
25521,급속,어린이대공원 후문주차장,광진구 능동로 216,50,11.92,26분,2021-08-17,13:16,13:42
25546,급속,어린이대공원 후문주차장,광진구 능동로 216,50,25.74,41분,2021-08-17,9:42,10:22
25579,급속,어린이대공원 후문주차장,광진구 능동로 216,50,2.31,12분,2021-08-16,22:50,23:01
25587,급속,어린이대공원 후문주차장,광진구 능동로 216,50,17.01,38분,2021-08-16,22:09,22:46
25614,급속,어린이대공원 후문주차장,광진구 능동로 216,50,25.61,41분,2021-08-16,17:52,18:32
25674,급속,어린이대공원 후문주차장,광진구 능동로 216,50,13.62,29분,2021-08-16,10:10,10:39
25681,급속,어린이대공원 후문주차장,광진구 능동로 216,50,8.07,25분,2021-08-16,9:14,9:38
25726,급속,어린이대공원 후문주차장,광진구 능동로 216,50,20.05,31분,2021-08-15,20:57,21:28
25739,급속,어린이대공원 후문주차장,광진구 능동로 216,50,23.94,41분,2021-08-15,18:20,19:00
25765,급속,어린이대공원 후문주차장,광진구 능동로 216,50,10.42,41분,2021-08-15,11:26,12:07
25769,급속,어린이대공원 후문주차장,광진구 능동로 216,50,17.18,33분,2021-08-15,10:20,10:52
25836,급속,어린이대공원 후문주차장,광진구 능동로 216,50,5.1,23분,2021-08-14,18:48,19:10
25843,급속,어린이대공원 후문주차장,광진구 능동로 216,50,20.4,41분,2021-08-14,18:08,18:48
25857,급속,어린이대공원 후문주차장,광진구 능동로 216,50,24.34,41분,2021-08-14,16:10,16:50
25860,급속,어린이대공원 후문주차장,광진구 능동로 216,50,0,2분,2021-08-14,16:05,16:07
25887,급속,어린이대공원 후문주차장,광진구 능동로 216,50,2.73,8분,2021-08-14,11:58,12:06
25894,급속,어린이대공원 후문주차장,광진구 능동로 216,50,23.88,41분,2021-08-14,11:13,11:53
25896,급속,어린이대공원 후문주차장,광진구 능동로 216,50,0,1분,2021-08-14,11:05,11:05
25901,급속,어린이대공원 후문주차장,광진구 능동로 216,50,17.05,26분,2021-08-14,10:33,10:59
25936,급속,어린이대공원 후문주차장,광진구 능동로 216,50,9.19,20분,2021-08-14,3:38,3:57
25942,급속,어린이대공원 후문주차장,광진구 능동로 216,50,17.03,26분,2021-08-14,3:11,3:36
25948,급속,어린이대공원 후문주차장,광진구 능동로 216,50,10.11,41분,2021-08-14,1:41,2:21
25952,급속,어린이대공원 후문주차장,광진구 능동로 216,50,25.17,41분,2021-08-14,0:55,1:36
26032,급속,어린이대공원 후문주차장,광진구 능동로 216,50,20.28,41분,2021-08-13,15:37,16:17
26045,급속,어린이대공원 후문주차장,광진구 능동로 216,50,12.33,41분,2021-08-13,13:37,14:17
26115,급속,어린이대공원 후문주차장,광진구 능동로 216,50,14.91,41분,2021-08-13,2:32,3:12
26120,급속,어린이대공원 후문주차장,광진구 능동로 216,50,27.41,41분,2021-08-13,1:50,2:30
26127,급속,어린이대공원 후문주차장,광진구 능동로 216,50,24.47,41분,2021-08-13,0:11,0:51
26149,급속,어린이대공원 후문주차장,광진구 능동로 216,50,26.57,41분,2021-08-12,21:29,22:09
26176,급속,어린이대공원 후문주차장,광진구 능동로 216,50,13.38,41분,2021-08-12,18:29,19:09
26229,급속,어린이대공원 후문주차장,광진구 능동로 216,50,25.38,41분,2021-08-12,14:29,15:09
26249,급속,어린이대공원 후문주차장,광진구 능동로 216,50,24.32,41분,2021-08-12,12:18,12:58
26329,급속,어린이대공원 후문주차장,광진구 능동로 216,50,15.7,41분,2021-08-12,1:48,2:28
26334,급속,어린이대공원 후문주차장,광진구 능동로 216,50,27.23,41분,2021-08-12,1:05,1:45
26363,급속,어린이대공원 후문주차장,광진구 능동로 216,50,17.45,41분,2021-08-11,19:54,20:34
26370,급속,어린이대공원 후문주차장,광진구 능동로 216,50,0,2분,2021-08-11,19:24,19:26
26397,급속,어린이대공원 후문주차장,광진구 능동로 216,50,20.55,41분,2021-08-11,15:30,16:10
26407,급속,어린이대공원 후문주차장,광진구 능동로 216,50,1.61,3분,2021-08-11,14:45,14:48
26408,급속,어린이대공원 후문주차장,광진구 능동로 216,50,0,2분,2021-08-11,14:42,14:44
26440,급속,어린이대공원 후문주차장,광진구 능동로 216,50,14.36,41분,2021-08-11,10:59,11:39
26447,급속,어린이대공원 후문주차장,광진구 능동로 216,50,17.05,27분,2021-08-11,10:30,10:57
26484,급속,어린이대공원 후문주차장,광진구 능동로 216,50,21.69,37분,2021-08-11,3:19,3:56
26503,급속,어린이대공원 후문주차장,광진구 능동로 216,50,24.06,41분,2021-08-10,23:49,0:30
26521,급속,어린이대공원 후문주차장,광진구 능동로 216,50,11.63,41분,2021-08-10,20:56,21:36
26524,급속,어린이대공원 후문주차장,광진구 능동로 216,50,24.63,41분,2021-08-10,20:15,20:55
26538,급속,어린이대공원 후문주차장,광진구 능동로 216,50,4.98,9분,2021-08-10,18:07,18:15
26559,급속,어린이대공원 후문주차장,광진구 능동로 216,50,17.04,30분,2021-08-10,16:39,17:09
26577,급속,어린이대공원 후문주차장,광진구 능동로 216,50,18.31,31분,2021-08-10,14:12,14:42
26585,급속,어린이대공원 후문주차장,광진구 능동로 216,50,13.86,41분,2021-08-10,13:24,14:04
26589,급속,어린이대공원 후문주차장,광진구 능동로 216,50,17.05,29분,2021-08-10,12:54,13:22
26596,급속,어린이대공원 후문주차장,광진구 능동로 216,50,17.35,41분,2021-08-10,12:08,12:48
26619,급속,어린이대공원 후문주차장,광진구 능동로 216,50,17.05,28분,2021-08-10,9:06,9:34
26661,급속,어린이대공원 후문주차장,광진구 능동로 216,50,5.49,35분,2021-08-10,1:27,2:02
26664,급속,어린이대공원 후문주차장,광진구 능동로 216,50,21.5,41분,2021-08-10,0:46,1:26
26668,급속,어린이대공원 후문주차장,광진구 능동로 216,50,26.96,41분,2021-08-10,0:04,0:44
26672,급속,어린이대공원 후문주차장,광진구 능동로 216,50,0.54,2분,2021-08-09,23:18,23:20
26712,급속,어린이대공원 후문주차장,광진구 능동로 216,50,12.62,41분,2021-08-09,19:13,19:53
26713,급속,어린이대공원 후문주차장,광진구 능동로 216,50,0,1분,2021-08-09,19:11,19:12
26717,급속,어린이대공원 후문주차장,광진구 능동로 216,50,25.06,41분,2021-08-09,18:30,19:10
26718,급속,어린이대공원 후문주차장,광진구 능동로 216,50,0,2분,2021-08-09,18:26,18:28
26744,급속,어린이대공원 후문주차장,광진구 능동로 216,50,0,1분,2021-08-09,15:19,15:20
26858,급속,어린이대공원 후문주차장,광진구 능동로 216,50,3.9,11분,2021-08-08,17:08,17:19
26861,급속,어린이대공원 후문주차장,광진구 능동로 216,50,24.15,41분,2021-08-08,16:23,17:03
26888,급속,어린이대공원 후문주차장,광진구 능동로 216,50,19.76,39분,2021-08-08,11:23,12:01
26920,급속,어린이대공원 후문주차장,광진구 능동로 216,50,2.97,5분,2021-08-08,3:38,3:42
26923,급속,어린이대공원 후문주차장,광진구 능동로 216,50,29.02,41분,2021-08-08,2:57,3:37
26940,급속,어린이대공원 후문주차장,광진구 능동로 216,50,13.7,41분,2021-08-07,22:46,23:26
26942,급속,어린이대공원 후문주차장,광진구 능동로 216,50,8.79,16분,2021-08-07,22:30,22:45
26946,급속,어린이대공원 후문주차장,광진구 능동로 216,50,25.9,41분,2021-08-07,21:46,22:26
26969,급속,어린이대공원 후문주차장,광진구 능동로 216,50,0,2분,2021-08-07,18:35,18:36
26981,급속,어린이대공원 후문주차장,광진구 능동로 216,50,0,2분,2021-08-07,16:17,16:18
27087,급속,어린이대공원 후문주차장,광진구 능동로 216,50,20.83,41분,2021-08-06,19:46,20:26
27092,급속,어린이대공원 후문주차장,광진구 능동로 216,50,25.9,41분,2021-08-06,19:04,19:44
27099,급속,어린이대공원 후문주차장,광진구 능동로 216,50,19.3,41분,2021-08-06,18:15,18:55
27125,급속,어린이대공원 후문주차장,광진구 능동로 216,50,27.21,41분,2021-08-06,15:45,16:25
27187,급속,어린이대공원 후문주차장,광진구 능동로 216,50,8.73,15분,2021-08-06,8:11,8:26
27217,급속,어린이대공원 후문주차장,광진구 능동로 216,50,5.91,31분,2021-08-06,1:47,2:18
27220,급속,어린이대공원 후문주차장,광진구 능동로 216,50,21.17,41분,2021-08-06,1:03,1:43
27223,급속,어린이대공원 후문주차장,광진구 능동로 216,50,17.05,26분,2021-08-06,0:34,1:00
27249,급속,어린이대공원 후문주차장,광진구 능동로 216,50,16.92,41분,2021-08-05,21:10,21:50
27258,급속,어린이대공원 후문주차장,광진구 능동로 216,50,23.33,41분,2021-08-05,20:29,21:09
27265,급속,어린이대공원 후문주차장,광진구 능동로 216,50,15.92,32분,2021-08-05,19:11,19:43
27271,급속,어린이대공원 후문주차장,광진구 능동로 216,50,20.04,35분,2021-08-05,18:35,19:09
27298,급속,어린이대공원 후문주차장,광진구 능동로 216,50,17.04,29분,2021-08-05,16:16,16:45
27387,급속,어린이대공원 후문주차장,광진구 능동로 216,50,13.33,41분,2021-08-04,23:59,0:39
27388,급속,어린이대공원 후문주차장,광진구 능동로 216,50,17.04,25분,2021-08-04,23:28,23:53
27402,급속,어린이대공원 후문주차장,광진구 능동로 216,50,23.02,39분,2021-08-04,21:44,22:22
27403,급속,어린이대공원 후문주차장,광진구 능동로 216,50,7.09,13분,2021-08-04,21:27,21:40
27436,급속,어린이대공원 후문주차장,광진구 능동로 216,50,23.37,41분,2021-08-04,17:15,17:55
27442,급속,어린이대공원 후문주차장,광진구 능동로 216,50,14.56,30분,2021-08-04,16:29,16:59
27444,급속,어린이대공원 후문주차장,광진구 능동로 216,50,4.76,13분,2021-08-04,16:15,16:27
27518,급속,어린이대공원 후문주차장,광진구 능동로 216,50,17.05,27분,2021-08-04,6:25,6:52
27569,급속,어린이대공원 후문주차장,광진구 능동로 216,50,6.58,24분,2021-08-03,18:57,19:21
27574,급속,어린이대공원 후문주차장,광진구 능동로 216,50,17.02,33분,2021-08-03,18:23,18:55
27603,급속,어린이대공원 후문주차장,광진구 능동로 216,50,25.62,38분,2021-08-03,15:35,16:12
27611,급속,어린이대공원 후문주차장,광진구 능동로 216,50,0,2분,2021-08-03,14:07,14:09
27619,급속,어린이대공원 후문주차장,광진구 능동로 216,50,24.96,41분,2021-08-03,12:32,13:12
27632,급속,어린이대공원 후문주차장,광진구 능동로 216,50,4.9,21분,2021-08-03,10:52,11:12
27696,급속,어린이대공원 후문주차장,광진구 능동로 216,50,26.56,41분,2021-08-02,21:30,22:11
27975,급속,어린이대공원 후문주차장,광진구 능동로 216,50,12.69,22분,2021-07-31,19:55,20:16
27982,급속,어린이대공원 후문주차장,광진구 능동로 216,50,27.12,41분,2021-07-31,19:14,19:54
27999,급속,어린이대공원 후문주차장,광진구 능동로 216,50,2.77,8분,2021-07-31,16:37,16:45
28000,급속,어린이대공원 후문주차장,광진구 능동로 216,50,0,1분,2021-07-31,16:37,16:37
28004,급속,어린이대공원 후문주차장,광진구 능동로 216,50,21.76,41분,2021-07-31,15:56,16:36
28014,급속,어린이대공원 후문주차장,광진구 능동로 216,50,16.35,41분,2021-07-31,14:30,15:10
28020,급속,어린이대공원 후문주차장,광진구 능동로 216,50,22.68,41분,2021-07-31,13:46,14:26
28061,급속,어린이대공원 후문주차장,광진구 능동로 216,50,0.63,2분,2021-07-31,8:05,8:07
28067,급속,어린이대공원 후문주차장,광진구 능동로 216,50,1.26,4분,2021-07-31,6:01,6:04
28071,급속,어린이대공원 후문주차장,광진구 능동로 216,50,23.02,41분,2021-07-31,5:20,6:00
28075,급속,어린이대공원 후문주차장,광진구 능동로 216,50,26.56,41분,2021-07-31,4:12,4:52
28159,급속,어린이대공원 후문주차장,광진구 능동로 216,50,6.39,10분,2021-07-30,15:05,15:15
28189,급속,어린이대공원 후문주차장,광진구 능동로 216,50,0.01,1분,2021-07-30,11:31,11:31
28200,급속,어린이대공원 후문주차장,광진구 능동로 216,50,17.05,27분,2021-07-30,10:26,10:53
28300,급속,어린이대공원 후문주차장,광진구 능동로 216,50,17.05,26분,2021-07-29,16:02,16:28
28333,급속,어린이대공원 후문주차장,광진구 능동로 216,50,7.94,15분,2021-07-29,11:24,11:38
28342,급속,어린이대공원 후문주차장,광진구 능동로 216,50,23.71,41분,2021-07-29,10:43,11:23
28349,급속,어린이대공원 후문주차장,광진구 능동로 216,50,17.03,33분,2021-07-29,9:52,10:25
28356,급속,어린이대공원 후문주차장,광진구 능동로 216,50,17.05,27분,2021-07-29,8:58,9:25
28389,급속,어린이대공원 후문주차장,광진구 능동로 216,50,25.64,41분,2021-07-29,0:34,1:14
28558,급속,어린이대공원 후문주차장,광진구 능동로 216,50,20.54,41분,2021-07-27,18:56,19:37
28592,급속,어린이대공원 후문주차장,광진구 능동로 216,50,17.03,34분,2021-07-27,16:26,16:59
28627,급속,어린이대공원 후문주차장,광진구 능동로 216,50,13.29,25분,2021-07-27,12:30,12:54
28667,급속,어린이대공원 후문주차장,광진구 능동로 216,50,17.02,29분,2021-07-27,10:33,11:01
28741,급속,어린이대공원 후문주차장,광진구 능동로 216,50,25.74,41분,2021-07-26,23:13,23:53
28759,급속,어린이대공원 후문주차장,광진구 능동로 216,50,20.17,37분,2021-07-26,20:49,21:25
28776,급속,어린이대공원 후문주차장,광진구 능동로 216,50,22.53,41분,2021-07-26,18:44,19:24
28798,급속,어린이대공원 후문주차장,광진구 능동로 216,50,17.03,31분,2021-07-26,16:06,16:37
28804,급속,어린이대공원 후문주차장,광진구 능동로 216,50,7.43,12분,2021-07-26,15:49,16:00
28839,급속,어린이대공원 후문주차장,광진구 능동로 216,50,0,1분,2021-07-26,12:01,12:01
28875,급속,어린이대공원 후문주차장,광진구 능동로 216,50,25.67,41분,2021-07-26,1:41,2:21
28898,급속,어린이대공원 후문주차장,광진구 능동로 216,50,15.25,27분,2021-07-25,21:09,21:35
28905,급속,어린이대공원 후문주차장,광진구 능동로 216,50,17.05,27분,2021-07-25,20:41,21:08
29009,급속,어린이대공원 후문주차장,광진구 능동로 216,50,22.45,41분,2021-07-25,1:15,1:55
29035,급속,어린이대공원 후문주차장,광진구 능동로 216,50,16.95,35분,2021-07-24,20:54,21:29
29047,급속,어린이대공원 후문주차장,광진구 능동로 216,50,10.17,101분,2021-07-24,19:13,20:54
29049,급속,어린이대공원 후문주차장,광진구 능동로 216,50,1.97,5분,2021-07-24,19:09,19:13
29057,급속,어린이대공원 후문주차장,광진구 능동로 216,50,18.55,41분,2021-07-24,17:31,18:11
29065,급속,어린이대공원 후문주차장,광진구 능동로 216,50,17.02,36분,2021-07-24,16:33,17:09
29073,급속,어린이대공원 후문주차장,광진구 능동로 216,50,17.01,38분,2021-07-24,15:10,15:48
29081,급속,어린이대공원 후문주차장,광진구 능동로 216,50,15.93,30분,2021-07-24,14:12,14:41
29114,급속,어린이대공원 후문주차장,광진구 능동로 216,50,23.68,41분,2021-07-24,10:44,11:25
29140,급속,어린이대공원 후문주차장,광진구 능동로 216,50,17.02,35분,2021-07-24,6:01,6:36
29191,급속,어린이대공원 후문주차장,광진구 능동로 216,50,10.62,26분,2021-07-23,21:38,22:03
29201,급속,어린이대공원 후문주차장,광진구 능동로 216,50,26.31,41분,2021-07-23,20:44,21:24
29335,급속,어린이대공원 후문주차장,광진구 능동로 216,50,11.13,25분,2021-07-22,20:14,20:39
29346,급속,어린이대공원 후문주차장,광진구 능동로 216,50,5.97,15분,2021-07-22,19:05,19:20
29351,급속,어린이대공원 후문주차장,광진구 능동로 216,50,22.59,41분,2021-07-22,18:23,19:03
29401,급속,어린이대공원 후문주차장,광진구 능동로 216,50,15.27,27분,2021-07-22,12:34,13:00
29415,급속,어린이대공원 후문주차장,광진구 능동로 216,50,15.63,41분,2021-07-22,11:16,11:56
29420,급속,어린이대공원 후문주차장,광진구 능동로 216,50,17.06,27분,2021-07-22,10:23,10:49
29470,급속,어린이대공원 후문주차장,광진구 능동로 216,50,17.03,31분,2021-07-21,22:03,22:34
29474,급속,어린이대공원 후문주차장,광진구 능동로 216,50,11.14,24분,2021-07-21,21:35,21:59
29480,급속,어린이대공원 후문주차장,광진구 능동로 216,50,17.04,28분,2021-07-21,20:55,21:23
29678,급속,어린이대공원 후문주차장,광진구 능동로 216,50,23.01,40분,2021-07-20,20:57,21:37
29719,급속,어린이대공원 후문주차장,광진구 능동로 216,50,25.41,41분,2021-07-20,15:58,16:38
